metric,value
precision,0.9860982600257272
recall,0.9916033132871894
true_pos,43695
false_pos,616
false_neg,370
true_neg,370874
rows_joined,415555
