{
"type": "FeatureCollection",
"name": "playgrounds",
"crs": { "type": "name", "properties": { "name": "urn:ogc:def:crs:OGC:1.3:CRS84" } },
"features": [
{ "type": "Feature", "properties": { "id": 100.0, "name": "Laurier Heights Community Playground", "address": "14405 85 Avenue NW", "type": "Playground", "surface_type": "Sand", "accessibility": "Unknown", "user_category": "Junior/Senior (18 months to 12 years)", "neighbourhood_id": 3270.0, "neighbourhood_name": "LAURIER HEIGHTS" }, "geometry": { "type": "Point", "coordinates": [ -113.569458, 53.516469 ] } },
{ "type": "Feature", "properties": { "id": 101.0, "name": "Laurier Heights School Playground", "address": "8210 142 Street NW", "type": "Playground", "surface_type": "Sand", "accessibility": "Unknown", "user_category": "Junior/Senior (18 months to 12 years)", "neighbourhood_id": 3270.0, "neighbourhood_name": "LAURIER HEIGHTS" }, "geometry": { "type": "Point", "coordinates": [ -113.567256, 53.51687 ] } },
{ "type": "Feature", "properties": { "id": 102.0, "name": "Aldergrove Community Playground", "address": "8535 182 Street NW", "type": "Playground", "surface_type": "Pour In Place Rubber, Sand", "accessibility": "Wheelchair Accessible", "user_category": "Junior/Senior (18 months to 12 years)", "neighbourhood_id": 4020.0, "neighbourhood_name": "ALDERGROVE" }, "geometry": { "type": "Point", "coordinates": [ -113.634849, 53.518766 ] } },
{ "type": "Feature", "properties": { "id": 103.0, "name": "Lorelei Community Playground", "address": "16220 103 Street NW", "type": "Playground", "surface_type": "Sand", "accessibility": "Unknown", "user_category": "Junior/Senior (18 months to 12 years)", "neighbourhood_id": 3280.0, "neighbourhood_name": "LORELEI" }, "geometry": { "type": "Point", "coordinates": [ -113.501606, 53.623192 ] } },
{ "type": "Feature", "properties": { "id": 104.0, "name": "Bishop Savaryn School Playground", "address": "16215 109 Street NW", "type": "Playground", "surface_type": "Sand", "accessibility": "Unknown", "user_category": "Junior/Senior (18 months to 12 years)", "neighbourhood_id": 3280.0, "neighbourhood_name": "LORELEI" }, "geometry": { "type": "Point", "coordinates": [ -113.507127, 53.621704 ] } },
{ "type": "Feature", "properties": { "id": 105.0, "name": "Mayfield Park Playground", "address": "10941 161 Street NW", "type": "Playground", "surface_type": "Pour In Place Rubber", "accessibility": "Wheelchair Accessible", "user_category": "Junior/Senior (18 months to 12 years)", "neighbourhood_id": 4290.0, "neighbourhood_name": "MAYFIELD" }, "geometry": { "type": "Point", "coordinates": [ -113.595419, 53.555273 ] } },
{ "type": "Feature", "properties": { "id": 107.0, "name": "Wedgewood Heights Community Playground", "address": "Wedgewood Boulevard NW", "type": "Playground", "surface_type": "Pour In Place Rubber, Sand", "accessibility": "Wheelchair Accessible", "user_category": "Junior/Senior (18 months to 12 years)", "neighbourhood_id": 4570.0, "neighbourhood_name": "WEDGEWOOD HEIGHTS" }, "geometry": { "type": "Point", "coordinates": [ -113.646933, 53.480333 ] } },
{ "type": "Feature", "properties": { "id": 110.0, "name": "Carlisle Community Playground", "address": "14240 117 Street NW", "type": "Playground", "surface_type": "Sand", "accessibility": "Unknown", "user_category": "Junior/Senior (18 months to 12 years)", "neighbourhood_id": 3090.0, "neighbourhood_name": "CARLISLE" }, "geometry": { "type": "Point", "coordinates": [ -113.524012, 53.604942 ] } },
{ "type": "Feature", "properties": { "id": 111.0, "name": "Summerlea Playground", "address": "176 Street - 93 Avenue NW", "type": "Playground", "surface_type": "Pour In Place Rubber", "accessibility": "Wheelchair Accessible", "user_category": "Junior/Senior (18 months to 12 years)", "neighbourhood_id": 4520.0, "neighbourhood_name": "SUMMERLEA" }, "geometry": { "type": "Point", "coordinates": [ -113.62412, 53.526913 ] } },
{ "type": "Feature", "properties": { "id": 112.0, "name": "Athlone Community Playground", "address": "13010 129 Street NW", "type": "Playground", "surface_type": "Pour In Place Rubber, Sand", "accessibility": "Wheelchair Accessible", "user_category": "Junior/Senior (18 months to 12 years)", "neighbourhood_id": 3010.0, "neighbourhood_name": "ATHLONE" }, "geometry": { "type": "Point", "coordinates": [ -113.545773, 53.589305 ] } },
{ "type": "Feature", "properties": { "id": 114.0, "name": "Colonel F. C. Jamieson Park Playground", "address": "5303 190 Street NW", "type": "Playground", "surface_type": "Sand", "accessibility": "Unknown", "user_category": "Junior/Senior (18 months to 12 years)", "neighbourhood_id": 4220.0, "neighbourhood_name": "JAMIESON PLACE" }, "geometry": { "type": "Point", "coordinates": [ -113.650582, 53.49031 ] } },
{ "type": "Feature", "properties": { "id": 117.0, "name": "Callingwood School Playground", "address": "17335 76 Avenue NW", "type": "Playground", "surface_type": "Pour In Place Rubber, Sand", "accessibility": "Wheelchair Accessible", "user_category": "Junior/Senior (18 months to 12 years)", "neighbourhood_id": 4070.0, "neighbourhood_name": "CALLINGWOOD NORTH" }, "geometry": { "type": "Point", "coordinates": [ -113.622135, 53.508217 ] } },
{ "type": "Feature", "properties": { "id": 118.0, "name": "Caernarvon Community Playground", "address": "14830 118 Street NW", "type": "Playground", "surface_type": "Sand", "accessibility": "Unknown", "user_category": "Junior/Senior (18 months to 12 years)", "neighbourhood_id": 3060.0, "neighbourhood_name": "CAERNARVON" }, "geometry": { "type": "Point", "coordinates": [ -113.528188, 53.61094 ] } },
{ "type": "Feature", "properties": { "id": 119.0, "name": "Argyll Park", "address": "6750 88 Street NW", "type": "Playground", "surface_type": "Sand", "accessibility": "Unknown", "user_category": "Junior (18 months to 5 years)", "neighbourhood_id": 6492.0, "neighbourhood_name": "MILL CREEK RAVINE SOUTH" }, "geometry": { "type": "Point", "coordinates": [ -113.463704, 53.505115 ] } },
{ "type": "Feature", "properties": { "id": 120.0, "name": "Avonmore Community League", "address": "7340 78 Street NW", "type": "Playground", "surface_type": "Sand", "accessibility": "Wheelchair Accessible", "user_category": "Junior/Senior (18 months to 12 years)", "neighbourhood_id": 6020.0, "neighbourhood_name": "AVONMORE" }, "geometry": { "type": "Point", "coordinates": [ -113.448428, 53.510245 ] } },
{ "type": "Feature", "properties": { "id": 121.0, "name": "Bisset School", "address": "3024 37 Street NW", "type": "Playground", "surface_type": "Pour In Place Rubber", "accessibility": "Wheelchair Accessible", "user_category": "Senior (6 to 12 years)", "neighbourhood_id": 6030.0, "neighbourhood_name": "BISSET" }, "geometry": { "type": "Point", "coordinates": [ -113.39922, 53.46175 ] } },
{ "type": "Feature", "properties": { "id": 122.0, "name": "Ottewell Community League", "address": "5920 93A Avenue NW", "type": "Playground", "surface_type": "Pour In Place Rubber, Sand", "accessibility": "Wheelchair Accessible", "user_category": "Junior (18 months to 5 years)", "neighbourhood_id": 6550.0, "neighbourhood_name": "OTTEWELL" }, "geometry": { "type": "Point", "coordinates": [ -113.424123, 53.530843 ] } },
{ "type": "Feature", "properties": { "id": 123.0, "name": "Bonnie Doon Park", "address": "9263 94 Street NW", "type": "Playground", "surface_type": "Pour In Place Rubber", "accessibility": "Wheelchair Accessible", "user_category": "Junior (18 months to 5 years)", "neighbourhood_id": 6040.0, "neighbourhood_name": "BONNIE DOON" }, "geometry": { "type": "Point", "coordinates": [ -113.47066, 53.527494 ] } },
{ "type": "Feature", "properties": { "id": 124.0, "name": "Crawford Plains School", "address": "4210 12 Avenue NW", "type": "Playground", "surface_type": "Sand", "accessibility": "Unknown", "user_category": "Junior/Senior (18 months to 12 years)", "neighbourhood_id": 6140.0, "neighbourhood_name": "CRAWFORD PLAINS" }, "geometry": { "type": "Point", "coordinates": [ -113.404154, 53.440883 ] } },
{ "type": "Feature", "properties": { "id": 125.0, "name": "Donnan Park/Arena", "address": "9105 - 80 AVENUE NW", "type": "Playground", "surface_type": "Sand", "accessibility": "Unknown", "user_category": "Junior/Senior (18 months to 12 years)", "neighbourhood_id": 6492.0, "neighbourhood_name": "MILL CREEK RAVINE SOUTH" }, "geometry": { "type": "Point", "coordinates": [ -113.468694, 53.515378 ] } },
{ "type": "Feature", "properties": { "id": 126.0, "name": "Donnan School (King Edward Park)", "address": "7708 - 85 STREET NW T6C4K9", "type": "Playground", "surface_type": "Sand", "accessibility": "Unknown", "user_category": "Junior (18 months to 5 years)", "neighbourhood_id": 6360.0, "neighbourhood_name": "KING EDWARD PARK" }, "geometry": { "type": "Point", "coordinates": [ -113.460448, 53.513613 ] } },
{ "type": "Feature", "properties": { "id": 128.0, "name": "Daly Grove School", "address": "1888 37 Street NW", "type": "Playground", "surface_type": "Pour In Place Rubber, Sand", "accessibility": "Wheelchair Accessible", "user_category": "Junior/Senior (18 months to 12 years)", "neighbourhood_id": 6150.0, "neighbourhood_name": "DALY GROVE" }, "geometry": { "type": "Point", "coordinates": [ -113.399289, 53.448962 ] } },
{ "type": "Feature", "properties": { "id": 130.0, "name": "Tweddle Place School (Malcolm Tweddle School)", "address": "2430 Millbourne Road West NW", "type": "Playground", "surface_type": "Sand", "accessibility": "Unknown", "user_category": "Junior/Senior (18 months to 12 years)", "neighbourhood_id": 6760.0, "neighbourhood_name": "TWEDDLE PLACE" }, "geometry": { "type": "Point", "coordinates": [ -113.456613, 53.476905 ] } },
{ "type": "Feature", "properties": { "id": 131.0, "name": "Gallagher Park", "address": "9750 98 Avenue NW", "type": "Playground", "surface_type": "Sand", "accessibility": "Unknown", "user_category": "Senior (6 to 12 years)", "neighbourhood_id": 6070.0, "neighbourhood_name": "CLOVERDALE" }, "geometry": { "type": "Point", "coordinates": [ -113.472479, 53.535904 ] } },
{ "type": "Feature", "properties": { "id": 132.0, "name": "Hazeldean School", "address": "9630 66 Avenue NW", "type": "Playground", "surface_type": "Pour In Place Rubber, Sand", "accessibility": "Wheelchair Accessible", "user_category": "Junior/Senior (18 months to 12 years)", "neighbourhood_id": 6290.0, "neighbourhood_name": "HAZELDEAN" }, "geometry": { "type": "Point", "coordinates": [ -113.477057, 53.503214 ] } },
{ "type": "Feature", "properties": { "id": 133.0, "name": "Ecole Frere Antoine School", "address": "2850 Mill Woods Road West NW", "type": "Playground", "surface_type": "Sand", "accessibility": "Unknown", "user_category": "Junior (18 months to 5 years)", "neighbourhood_id": 6750.0, "neighbourhood_name": "TIPASKAN" }, "geometry": { "type": "Point", "coordinates": [ -113.448899, 53.460184 ] } },
{ "type": "Feature", "properties": { "id": 134.0, "name": "Grace Martin School", "address": "8210 36 Avenue NW", "type": "Playground", "surface_type": "Engineered Wood Fibre", "accessibility": "Wheelchair Accessible", "user_category": "Junior/Senior (18 months to 12 years)", "neighbourhood_id": 6600.0, "neighbourhood_name": "RICHFIELD" }, "geometry": { "type": "Point", "coordinates": [ -113.455243, 53.469179 ] } },
{ "type": "Feature", "properties": { "id": 135.0, "name": "Ekota School", "address": "1395 Knotwood Road East NW", "type": "Playground", "surface_type": "Sand", "accessibility": "Unknown", "user_category": "Junior (18 months to 5 years)", "neighbourhood_id": 6200.0, "neighbourhood_name": "EKOTA" }, "geometry": { "type": "Point", "coordinates": [ -113.44215, 53.45001 ] } },
{ "type": "Feature", "properties": { "id": 136.0, "name": "Greenview School", "address": "5720 38 AVENUE NW", "type": "Playground", "surface_type": "Engineered Wood Fibre", "accessibility": "Wheelchair Accessible", "user_category": "Junior (18 months to 5 years)", "neighbourhood_id": 6280.0, "neighbourhood_name": "GREENVIEW" }, "geometry": { "type": "Point", "coordinates": [ -113.426579, 53.473634 ] } },
{ "type": "Feature", "properties": { "id": 137.0, "name": "Hillview School", "address": "355 Woodvale Road East NW", "type": "Playground", "surface_type": "Engineered Wood Fibre, Sand", "accessibility": "Wheelchair Accessible", "user_category": "Junior (18 months to 5 years)", "neighbourhood_id": 6300.0, "neighbourhood_name": "HILLVIEW" }, "geometry": { "type": "Point", "coordinates": [ -113.426814, 53.468038 ] } },
{ "type": "Feature", "properties": { "id": 138.0, "name": "Satoo School", "address": "8515  17 Avenue NW", "type": "Playground", "surface_type": "Sand", "accessibility": "Unknown", "user_category": "Junior/Senior (18 months to 12 years)", "neighbourhood_id": 6680.0, "neighbourhood_name": "SATOO" }, "geometry": { "type": "Point", "coordinates": [ -113.45911, 53.446098 ] } },
{ "type": "Feature", "properties": { "id": 139.0, "name": "Kameyosek School", "address": "250 Lakewood Road East NW", "type": "Playground", "surface_type": "Sand", "accessibility": "Unknown", "user_category": "Junior (18 months to 5 years)", "neighbourhood_id": 6340.0, "neighbourhood_name": "KAMEYOSEK" }, "geometry": { "type": "Point", "coordinates": [ -113.443446, 53.461244 ] } },
{ "type": "Feature", "properties": { "id": 14.0, "name": "Newton Park", "address": "5525 121 Avenue NW", "type": "Playground", "surface_type": "Sand", "accessibility": "Unknown", "user_category": "Junior/Senior (18 months to 12 years)", "neighbourhood_id": 2560.0, "neighbourhood_name": "NEWTON" }, "geometry": { "type": "Point", "coordinates": [ -113.427485, 53.576089 ] } },
{ "type": "Feature", "properties": { "id": 140.0, "name": "Holyrood School", "address": "82 Street - 94 Avenue NW", "type": "Playground", "surface_type": "Pour In Place Rubber, Sand", "accessibility": "Wheelchair Accessible", "user_category": "Junior/Senior (18 months to 12 years)", "neighbourhood_id": 6310.0, "neighbourhood_name": "HOLYROOD" }, "geometry": { "type": "Point", "coordinates": [ -113.450887, 53.531027 ] } },
{ "type": "Feature", "properties": { "id": 141.0, "name": "Lee Ridge School", "address": "440 Millbourne Road East NW", "type": "Playground", "surface_type": "Pour In Place Rubber, Sand", "accessibility": "Wheelchair Accessible", "user_category": "Senior (6 to 12 years)", "neighbourhood_id": 6400.0, "neighbourhood_name": "LEE RIDGE" }, "geometry": { "type": "Point", "coordinates": [ -113.446166, 53.471164 ] } },
{ "type": "Feature", "properties": { "id": 143.0, "name": "Ellerslie Campus School", "address": "521 66 Street SW", "type": "Playground", "surface_type": "Sand", "accessibility": "Unknown", "user_category": "Senior (6 to 12 years)", "neighbourhood_id": 6661.0, "neighbourhood_name": "CHARLESWORTH" }, "geometry": { "type": "Point", "coordinates": [ -113.442139, 53.426821 ] } },
{ "type": "Feature", "properties": { "id": 144.0, "name": "Menisa School", "address": "900 Knottwood Road South NW", "type": "Playground", "surface_type": "Sand", "accessibility": "Unknown", "user_category": "Junior/Senior (18 months to 12 years)", "neighbourhood_id": 6450.0, "neighbourhood_name": "MENISA" }, "geometry": { "type": "Point", "coordinates": [ -113.447388, 53.442677 ] } },
{ "type": "Feature", "properties": { "id": 145.0, "name": "Kiniski Gardens School/Burnewood", "address": "4104 41 Street NW", "type": "Playground", "surface_type": "Engineered Wood Fibre, Pour In Place Rubber, Sand", "accessibility": "Wheelchair Accessible", "user_category": "Senior (6 to 12 years)", "neighbourhood_id": 6370.0, "neighbourhood_name": "KINISKI GARDENS" }, "geometry": { "type": "Point", "coordinates": [ -113.404034, 53.477649 ] } },
{ "type": "Feature", "properties": { "id": 146.0, "name": "Michaels Park", "address": "980 Millbourne Road East NW", "type": "Playground", "surface_type": "Sand", "accessibility": "Unknown", "user_category": "Junior/Senior (18 months to 12 years)", "neighbourhood_id": 6480.0, "neighbourhood_name": "MICHAELS PARK" }, "geometry": { "type": "Point", "coordinates": [ -113.448004, 53.479571 ] } },
{ "type": "Feature", "properties": { "id": 147.0, "name": "Minchau School", "address": "3615 Mill Woods Road East NW", "type": "Playground", "surface_type": "Pour In Place Rubber, Sand", "accessibility": "Wheelchair Accessible", "user_category": "Junior/Senior (18 months to 12 years)", "neighbourhood_id": 6530.0, "neighbourhood_name": "MINCHAU" }, "geometry": { "type": "Point", "coordinates": [ -113.408998, 53.468872 ] } },
{ "type": "Feature", "properties": { "id": 148.0, "name": "Meyokumin School", "address": "5703 19A Avenue NW", "type": "Playground", "surface_type": "Sand", "accessibility": "Unknown", "user_category": "Junior/Senior (18 months to 12 years)", "neighbourhood_id": 6460.0, "neighbourhood_name": "MEYOKUMIN" }, "geometry": { "type": "Point", "coordinates": [ -113.429644, 53.450065 ] } },
{ "type": "Feature", "properties": { "id": 149.0, "name": "Meyonohk School", "address": "1850 Lakewood Road South NW", "type": "Playground", "surface_type": "Sand", "accessibility": "Unknown", "user_category": "Junior/Senior (18 months to 12 years)", "neighbourhood_id": 6470.0, "neighbourhood_name": "MEYONOHK" }, "geometry": { "type": "Point", "coordinates": [ -113.45624, 53.454884 ] } },
{ "type": "Feature", "properties": { "id": 15.0, "name": "Beacon Heights School", "address": "4610 121  Avenue NW", "type": "Playground", "surface_type": "Pour In Place Rubber, Sand", "accessibility": "Wheelchair Accessible", "user_category": "Junior/Senior (18 months to 12 years)", "neighbourhood_id": 2040.0, "neighbourhood_name": "BEACON HEIGHTS" }, "geometry": { "type": "Point", "coordinates": [ -113.414827, 53.575674 ] } },
{ "type": "Feature", "properties": { "id": 150.0, "name": "Ritchie Park", "address": "7727 98 Street NW", "type": "Playground", "surface_type": "Sand", "accessibility": "Unknown", "user_category": "Junior/Senior (18 months to 12 years)", "neighbourhood_id": 6610.0, "neighbourhood_name": "RITCHIE" }, "geometry": { "type": "Point", "coordinates": [ -113.481634, 53.513923 ] } },
{ "type": "Feature", "properties": { "id": 151.0, "name": "Pollard Meadows School", "address": "1715 48 Street NW", "type": "Playground", "surface_type": "Pour In Place Rubber, Sand", "accessibility": "Wheelchair Accessible", "user_category": "Junior/Senior (18 months to 12 years)", "neighbourhood_id": 6580.0, "neighbourhood_name": "POLLARD MEADOWS" }, "geometry": { "type": "Point", "coordinates": [ -113.412408, 53.448 ] } },
{ "type": "Feature", "properties": { "id": 152.0, "name": "Tipaskan School", "address": "1200 Lakewood Road West NW", "type": "Playground", "surface_type": "Sand", "accessibility": "Unknown", "user_category": "Junior (18 months to 5 years)", "neighbourhood_id": 6750.0, "neighbourhood_name": "TIPASKAN" }, "geometry": { "type": "Point", "coordinates": [ -113.460078, 53.462693 ] } },
{ "type": "Feature", "properties": { "id": 153.0, "name": "Sakaw School", "address": "5730 11A Avenue NW", "type": "Playground", "surface_type": "Sand", "accessibility": "Unknown", "user_category": "Junior/Senior (18 months to 12 years)", "neighbourhood_id": 6670.0, "neighbourhood_name": "SAKAW" }, "geometry": { "type": "Point", "coordinates": [ -113.430156, 53.441033 ] } },
{ "type": "Feature", "properties": { "id": 154.0, "name": "Fulton Place School", "address": "10310 56 Street NW", "type": "Playground", "surface_type": "Sand", "accessibility": "Unknown", "user_category": "Junior (18 months to 5 years)", "neighbourhood_id": 6240.0, "neighbourhood_name": "FULTON PLACE" }, "geometry": { "type": "Point", "coordinates": [ -113.425328, 53.545292 ] } },
{ "type": "Feature", "properties": { "id": 155.0, "name": "Larkspur Park", "address": "43 Avenue - 30 Street NW", "type": "Playground", "surface_type": "Pour In Place Rubber, Sand", "accessibility": "Wheelchair Accessible", "user_category": "Junior/Senior (18 months to 12 years)", "neighbourhood_id": 6390.0, "neighbourhood_name": "LARKSPUR" }, "geometry": { "type": "Point", "coordinates": [ -113.386767, 53.480382 ] } },
{ "type": "Feature", "properties": { "id": 156.0, "name": "Weinlos School", "address": "2911 48 Street NW", "type": "Playground", "surface_type": "Sand", "accessibility": "Unknown", "user_category": "Junior/Senior (18 months to 12 years)", "neighbourhood_id": 6770.0, "neighbourhood_name": "WEINLOS" }, "geometry": { "type": "Point", "coordinates": [ -113.415656, 53.461371 ] } },
{ "type": "Feature", "properties": { "id": 157.0, "name": "Capilano School", "address": "10720 54 Street NW", "type": "Playground", "surface_type": "Pour In Place Rubber", "accessibility": "Wheelchair Accessible", "user_category": "Junior (18 months to 5 years)", "neighbourhood_id": 6061.0, "neighbourhood_name": "CAPILANO" }, "geometry": { "type": "Point", "coordinates": [ -113.422216, 53.555788 ] } },
{ "type": "Feature", "properties": { "id": 16.0, "name": "Bellevue School", "address": "11515 71  Street NW", "type": "Playground", "surface_type": "Sand", "accessibility": "Unknown", "user_category": "Junior/Senior (18 months to 12 years)", "neighbourhood_id": 2060.0, "neighbourhood_name": "BELLEVUE" }, "geometry": { "type": "Point", "coordinates": [ -113.448985, 53.568549 ] } },
{ "type": "Feature", "properties": { "id": 160.0, "name": "George Luck School", "address": "300 Bulyea Road NW", "type": "Playground", "surface_type": "Sand", "accessibility": "Unknown", "user_category": "Junior/Senior (18 months to 12 years)", "neighbourhood_id": 5100.0, "neighbourhood_name": "BULYEA HEIGHTS" }, "geometry": { "type": "Point", "coordinates": [ -113.572913, 53.472849 ] } },
{ "type": "Feature", "properties": { "id": 162.0, "name": "Greenfield Community League", "address": "3755 - 114 STREET NW", "type": "Playground", "surface_type": "Pour In Place Rubber, Sand", "accessibility": "Wheelchair Accessible", "user_category": "Junior/Senior (18 months to 12 years)", "neighbourhood_id": 5220.0, "neighbourhood_name": "GREENFIELD" }, "geometry": { "type": "Point", "coordinates": [ -113.525947, 53.473439 ] } },
{ "type": "Feature", "properties": { "id": 163.0, "name": "Earl Buxton School", "address": "250 Rhatigan Road East NW", "type": "Playground", "surface_type": "Sand", "accessibility": "Unknown", "user_category": "Junior/Senior (18 months to 12 years)", "neighbourhood_id": 5350.0, "neighbourhood_name": "RHATIGAN RIDGE" }, "geometry": { "type": "Point", "coordinates": [ -113.584134, 53.474642 ] } },
{ "type": "Feature", "properties": { "id": 164.0, "name": "Windsor Park School", "address": "8720 118 Street NW", "type": "Playground", "surface_type": "Pour In Place Rubber", "accessibility": "Wheelchair Accessible", "user_category": "Junior/Senior (18 months to 12 years)", "neighbourhood_id": 5580.0, "neighbourhood_name": "WINDSOR PARK" }, "geometry": { "type": "Point", "coordinates": [ -113.535847, 53.523601 ] } },
{ "type": "Feature", "properties": { "id": 1640.0, "name": "Norwood School", "address": "9520 111 Avenue NW", "type": "Playground", "surface_type": "Sand", "accessibility": "Unknown", "user_category": "Junior/Senior (18 months to 12 years)", "neighbourhood_id": 1010.0, "neighbourhood_name": "ALBERTA AVENUE" }, "geometry": { "type": "Point", "coordinates": [ -113.488205, 53.560073 ] } },
{ "type": "Feature", "properties": { "id": 1642.0, "name": "Norwood Square", "address": "9516 114 Avenue NW", "type": "Playground", "surface_type": "Pour In Place Rubber", "accessibility": "Wheelchair Accessible", "user_category": "Junior/Senior (18 months to 12 years)", "neighbourhood_id": 1010.0, "neighbourhood_name": "ALBERTA AVENUE" }, "geometry": { "type": "Point", "coordinates": [ -113.488065, 53.564789 ] } },
{ "type": "Feature", "properties": { "id": 1643.0, "name": "Lorne Street Park (Tot Lot)", "address": "11714 92 Street NW", "type": "Playground", "surface_type": "Pour In Place Rubber", "accessibility": "Wheelchair Accessible", "user_category": "Junior/Senior (18 months to 12 years)", "neighbourhood_id": 1010.0, "neighbourhood_name": "ALBERTA AVENUE" }, "geometry": { "type": "Point", "coordinates": [ -113.482197, 53.562944 ] } },
{ "type": "Feature", "properties": { "id": 1644.0, "name": "Ralph Hopp Park", "address": "6802 130 Avenue NW", "type": "Playground", "surface_type": "Sand", "accessibility": "Unknown", "user_category": "Junior/Senior (18 months to 12 years)", "neighbourhood_id": 2020.0, "neighbourhood_name": "BALWIN" }, "geometry": { "type": "Point", "coordinates": [ -113.445673, 53.589332 ] } },
{ "type": "Feature", "properties": { "id": 1645.0, "name": "Beacon Heights Park Tot Lot", "address": "3424 119 A Avenue NW", "type": "Playground", "surface_type": "Sand", "accessibility": "Unknown", "user_category": "Junior/Senior (18 months to 12 years)", "neighbourhood_id": 2040.0, "neighbourhood_name": "BEACON HEIGHTS" }, "geometry": { "type": "Point", "coordinates": [ -113.395827, 53.572944 ] } },
{ "type": "Feature", "properties": { "id": 1646.0, "name": "Belle Rive", "address": "84 St & 158 Ave", "type": "Playground", "surface_type": "Sand", "accessibility": "Unknown", "user_category": "Junior/Senior (18 months to 12 years)", "neighbourhood_id": 2050.0, "neighbourhood_name": "BELLE RIVE" }, "geometry": { "type": "Point", "coordinates": [ -113.470677, 53.619793 ] } },
{ "type": "Feature", "properties": { "id": 1647.0, "name": "Robert Brett Park", "address": "56 Street - 134 A Avenue NW", "type": "Playground", "surface_type": "Pour In Place Rubber", "accessibility": "Unknown", "user_category": "Junior (18 months to 5 years)", "neighbourhood_id": 2080.0, "neighbourhood_name": "BELVEDERE" }, "geometry": { "type": "Point", "coordinates": [ -113.427708, 53.596469 ] } },
{ "type": "Feature", "properties": { "id": 1648.0, "name": "Bergman Park", "address": "43 Street - 123 Avenue", "type": "Playground", "surface_type": "Sand", "accessibility": "Unknown", "user_category": "Junior/Senior (18 months to 12 years)", "neighbourhood_id": 2090.0, "neighbourhood_name": "BERGMAN" }, "geometry": { "type": "Point", "coordinates": [ -113.408684, 53.579108 ] } },
{ "type": "Feature", "properties": { "id": 1649.0, "name": "Beverly Heights Park", "address": "3511 117 Avenue NW", "type": "Playground", "surface_type": "Sand", "accessibility": "Unknown", "user_category": "Junior/Senior (18 months to 12 years)", "neighbourhood_id": 2100.0, "neighbourhood_name": "BEVERLY HEIGHTS" }, "geometry": { "type": "Point", "coordinates": [ -113.3955, 53.56919 ] } },
{ "type": "Feature", "properties": { "id": 1651.0, "name": "Touchdown Park Playground", "address": "12845 - 125 STREET NW", "type": "Playground", "surface_type": "Sand", "accessibility": "Unknown", "user_category": "Junior/Senior (18 months to 12 years)", "neighbourhood_id": 3070.0, "neighbourhood_name": "CALDER" }, "geometry": { "type": "Point", "coordinates": [ -113.537708, 53.587306 ] } },
{ "type": "Feature", "properties": { "id": 166.0, "name": "Brookside School", "address": "5320 143 Street NW", "type": "Playground", "surface_type": "Engineered Wood Fibre, Pour In Place Rubber", "accessibility": "Unknown", "user_category": "Junior/Senior (18 months to 12 years)", "neighbourhood_id": 5090.0, "neighbourhood_name": "BROOKSIDE" }, "geometry": { "type": "Point", "coordinates": [ -113.568705, 53.491214 ] } },
{ "type": "Feature", "properties": { "id": 1660.0, "name": "Chalmers Park Playground", "address": "12310 131 Avenue NW", "type": "Playground", "surface_type": "Sand", "accessibility": "Unknown", "user_category": "Junior (18 months to 5 years)", "neighbourhood_id": 3070.0, "neighbourhood_name": "CALDER" }, "geometry": { "type": "Point", "coordinates": [ -113.534094, 53.59089 ] } },
{ "type": "Feature", "properties": { "id": 1661.0, "name": "St. Gabriel Catholic School", "address": "5540 106 Avenue NW", "type": "Playground", "surface_type": "Sand", "accessibility": "Unknown", "user_category": "Junior (18 months to 5 years)", "neighbourhood_id": 6061.0, "neighbourhood_name": "CAPILANO" }, "geometry": { "type": "Point", "coordinates": [ -113.423509, 53.550698 ] } },
{ "type": "Feature", "properties": { "id": 1662.0, "name": "Crestwood Arena Playground", "address": "9940 148 Street NW", "type": "Playground", "surface_type": "Sand", "accessibility": "Unknown", "user_category": "Junior/Senior (18 months to 12 years)", "neighbourhood_id": 3140.0, "neighbourhood_name": "CRESTWOOD" }, "geometry": { "type": "Point", "coordinates": [ -113.574912, 53.538863 ] } },
{ "type": "Feature", "properties": { "id": 1663.0, "name": "Delton Tot Lot", "address": "12332 95 Street NW", "type": "Playground", "surface_type": "Sand", "accessibility": "Unknown", "user_category": "Junior/Senior (18 months to 12 years)", "neighbourhood_id": 1080.0, "neighbourhood_name": "DELTON" }, "geometry": { "type": "Point", "coordinates": [ -113.489267, 53.579507 ] } },
{ "type": "Feature", "properties": { "id": 1664.0, "name": "Delton Community League", "address": "12325 88 Street NW", "type": "Playground", "surface_type": "Sand", "accessibility": "Unknown", "user_category": "Junior/Senior (18 months to 12 years)", "neighbourhood_id": 1080.0, "neighbourhood_name": "DELTON" }, "geometry": { "type": "Point", "coordinates": [ -113.475733, 53.579641 ] } },
{ "type": "Feature", "properties": { "id": 1665.0, "name": "Eastwood Community League", "address": "8524 118 Avenue NW", "type": "Playground", "surface_type": "Pour In Place Rubber", "accessibility": "Wheelchair Accessible", "user_category": "Junior (18 months to 5 years)", "neighbourhood_id": 1100.0, "neighbourhood_name": "EASTWOOD" }, "geometry": { "type": "Point", "coordinates": [ -113.472202, 53.571069 ] } },
{ "type": "Feature", "properties": { "id": 1669.0, "name": "Forest Heights Park", "address": "76 Street - 106A Avenue NW", "type": "Playground", "surface_type": "Sand", "accessibility": "Unknown", "user_category": "Junior/Senior (18 months to 12 years)", "neighbourhood_id": 6230.0, "neighbourhood_name": "FOREST HEIGHTS" }, "geometry": { "type": "Point", "coordinates": [ -113.445261, 53.55108 ] } },
{ "type": "Feature", "properties": { "id": 167.0, "name": "Empire Park Community League", "address": "4804 107 Street NW", "type": "Playground", "surface_type": "Sand", "accessibility": "Unknown", "user_category": "Junior/Senior (18 months to 12 years)", "neighbourhood_id": 5170.0, "neighbourhood_name": "EMPIRE PARK" }, "geometry": { "type": "Point", "coordinates": [ -113.508914, 53.486109 ] } },
{ "type": "Feature", "properties": { "id": 1670.0, "name": "Gold Bar Community League", "address": "4620 105 Avenue NW", "type": "Playground", "surface_type": "Sand", "accessibility": "Unknown", "user_category": "Junior/Senior (18 months to 12 years)", "neighbourhood_id": 6270.0, "neighbourhood_name": "GOLD BAR" }, "geometry": { "type": "Point", "coordinates": [ -113.413365, 53.548685 ] } },
{ "type": "Feature", "properties": { "id": 1672.0, "name": "Ken Newman Park Playground", "address": "10802 150 Street NW", "type": "Playground", "surface_type": "Sand", "accessibility": "Unknown", "user_category": "Junior/Senior (18 months to 12 years)", "neighbourhood_id": 4200.0, "neighbourhood_name": "HIGH PARK" }, "geometry": { "type": "Point", "coordinates": [ -113.581074, 53.553825 ] } },
{ "type": "Feature", "properties": { "id": 1673.0, "name": "Dermott Playground", "address": "8610 81 Street NW", "type": "Playground", "surface_type": "Engineered Wood Fibre", "accessibility": "Unknown", "user_category": "Senior (6 to 12 years)", "neighbourhood_id": 6320.0, "neighbourhood_name": "IDYLWYLDE" }, "geometry": { "type": "Point", "coordinates": [ -113.453515, 53.522973 ] } },
{ "type": "Feature", "properties": { "id": 1674.0, "name": "Idylwylde Park", "address": "8631 81 Street NW", "type": "Playground", "surface_type": "Engineered Wood Fibre", "accessibility": "Wheelchair Accessible", "user_category": "Junior/Senior (18 months to 12 years)", "neighbourhood_id": 6320.0, "neighbourhood_name": "IDYLWYLDE" }, "geometry": { "type": "Point", "coordinates": [ -113.451694, 53.523352 ] } },
{ "type": "Feature", "properties": { "id": 1675.0, "name": "Kenilworth Park", "address": "7104 87 Avenue NW", "type": "Playground", "surface_type": "Pour In Place Rubber, Sand", "accessibility": "Wheelchair Accessible", "user_category": "Junior (18 months to 5 years)", "neighbourhood_id": 6350.0, "neighbourhood_name": "KENILWORTH" }, "geometry": { "type": "Point", "coordinates": [ -113.437459, 53.522679 ] } },
{ "type": "Feature", "properties": { "id": 1676.0, "name": "Blessed Kateri (Creek's Crossing)", "address": "3807 41 Avenue NW", "type": "Playground", "surface_type": "Sand", "accessibility": "Unknown", "user_category": "Junior/Senior (18 months to 12 years)", "neighbourhood_id": 6370.0, "neighbourhood_name": "KINISKI GARDENS" }, "geometry": { "type": "Point", "coordinates": [ -113.400286, 53.475393 ] } },
{ "type": "Feature", "properties": { "id": 1678.0, "name": "Mayliewan Park", "address": "7503 161A Avenue NW", "type": "Playground", "surface_type": "Engineered Wood Fibre", "accessibility": "Wheelchair Accessible", "user_category": "Senior (6 to 12 years)", "neighbourhood_id": 2511.0, "neighbourhood_name": "MAYLIEWAN" }, "geometry": { "type": "Point", "coordinates": [ -113.459151, 53.622094 ] } },
{ "type": "Feature", "properties": { "id": 1679.0, "name": "McLeod Meadows", "address": "65 Street - 152 B Avenue", "type": "Playground", "surface_type": "Sand", "accessibility": "Unknown", "user_category": "Junior (18 months to 5 years)", "neighbourhood_id": 2530.0, "neighbourhood_name": "MCLEOD" }, "geometry": { "type": "Point", "coordinates": [ -113.441422, 53.615007 ] } },
{ "type": "Feature", "properties": { "id": 168.0, "name": "Brander Gardens Park", "address": "14815 56 AVENUE NW", "type": "Playground", "surface_type": "Pour In Place Rubber, Sand", "accessibility": "Wheelchair Accessible", "user_category": "Junior/Senior (18 months to 12 years)", "neighbourhood_id": 5080.0, "neighbourhood_name": "BRANDER GARDENS" }, "geometry": { "type": "Point", "coordinates": [ -113.575534, 53.493614 ] } },
{ "type": "Feature", "properties": { "id": 1680.0, "name": "Allin Park Playground", "address": "15919 96 Avenue NW", "type": "Playground", "surface_type": "Engineered Wood Fibre", "accessibility": "Unknown", "user_category": "Junior/Senior (18 months to 12 years)", "neighbourhood_id": 4180.0, "neighbourhood_name": "GLENWOOD" }, "geometry": { "type": "Point", "coordinates": [ -113.595621, 53.532563 ] } },
{ "type": "Feature", "properties": { "id": 1681.0, "name": "Nu-west Park", "address": "2011 55 Street NW", "type": "Playground", "surface_type": "Sand", "accessibility": "Unknown", "user_category": "Junior/Senior (18 months to 12 years)", "neighbourhood_id": 6460.0, "neighbourhood_name": "MEYOKUMIN" }, "geometry": { "type": "Point", "coordinates": [ -113.423772, 53.451635 ] } },
{ "type": "Feature", "properties": { "id": 17.0, "name": "Belvedere School/Park", "address": "13359 62 Street NW", "type": "Playground", "surface_type": "Engineered Wood Fibre, Pour In Place Rubber, Sand", "accessibility": "Wheelchair Accessible", "user_category": "Junior/Senior (18 months to 12 years)", "neighbourhood_id": 2080.0, "neighbourhood_name": "BELVEDERE" }, "geometry": { "type": "Point", "coordinates": [ -113.435278, 53.594216 ] } },
{ "type": "Feature", "properties": { "id": 1720.0, "name": "Ozerna Park", "address": "84 Street - 158 Avenue NW", "type": "Playground", "surface_type": "Rubber Tiles, Sand", "accessibility": "Wheelchair Accessible", "user_category": "Junior/Senior (18 months to 12 years)", "neighbourhood_id": 2600.0, "neighbourhood_name": "OZERNA" }, "geometry": { "type": "Point", "coordinates": [ -113.448532, 53.620893 ] } },
{ "type": "Feature", "properties": { "id": 1721.0, "name": "Potter Greens Playground (East)", "address": "Potter Greens Drive NW", "type": "Playground", "surface_type": "Sand", "accessibility": "Unknown", "user_category": "Junior/Senior (18 months to 12 years)", "neighbourhood_id": 4710.0, "neighbourhood_name": "POTTER GREENS" }, "geometry": { "type": "Point", "coordinates": [ -113.666724, 53.519316 ] } },
{ "type": "Feature", "properties": { "id": 1722.0, "name": "Potter Greens Playground (West)", "address": "Picard Drive - Proctor Wynd", "type": "Playground", "surface_type": "Sand", "accessibility": "Unknown", "user_category": "Junior/Senior (18 months to 12 years)", "neighbourhood_id": 4710.0, "neighbourhood_name": "POTTER GREENS" }, "geometry": { "type": "Point", "coordinates": [ -113.674899, 53.517774 ] } },
{ "type": "Feature", "properties": { "id": 1741.0, "name": "Lilliput Park", "address": "9637 74 Avenue NW", "type": "Playground", "surface_type": "Sand", "accessibility": "Unknown", "user_category": "Junior/Senior (18 months to 12 years)", "neighbourhood_id": 6610.0, "neighbourhood_name": "RITCHIE" }, "geometry": { "type": "Point", "coordinates": [ -113.479183, 53.510084 ] } },
{ "type": "Feature", "properties": { "id": 1760.0, "name": "Spruce Avenue", "address": "10240 115 Avenue NW", "type": "Playground", "surface_type": "Pour In Place Rubber", "accessibility": "Wheelchair Accessible", "user_category": "Junior/Senior (18 months to 12 years)", "neighbourhood_id": 1230.0, "neighbourhood_name": "SPRUCE AVENUE" }, "geometry": { "type": "Point", "coordinates": [ -113.497255, 53.565491 ] } },
{ "type": "Feature", "properties": { "id": 1762.0, "name": "Ecole Gabrielle-Roy", "address": "9330 - 87 STREET NW T6C4M5", "type": "Playground", "surface_type": "Pour In Place Rubber, Sand", "accessibility": "Wheelchair Accessible", "user_category": "Junior/Senior (18 months to 12 years)", "neighbourhood_id": 6710.0, "neighbourhood_name": "STRATHEARN" }, "geometry": { "type": "Point", "coordinates": [ -113.462021, 53.529894 ] } },
{ "type": "Feature", "properties": { "id": 1764.0, "name": "Terrace Heights School", "address": "6859 100 Avenue NW", "type": "Playground", "surface_type": "Sand", "accessibility": "Unknown", "user_category": "Junior/Senior (18 months to 12 years)", "neighbourhood_id": 6730.0, "neighbourhood_name": "TERRACE HEIGHTS" }, "geometry": { "type": "Point", "coordinates": [ -113.435275, 53.539492 ] } },
{ "type": "Feature", "properties": { "id": 1765.0, "name": "Albert G. Nickel Park Playground", "address": "13539 139 Street NW", "type": "Playground", "surface_type": "Pour In Place Rubber", "accessibility": "Unknown", "user_category": "Junior/Senior (18 months to 12 years)", "neighbourhood_id": 3430.0, "neighbourhood_name": "WELLINGTON" }, "geometry": { "type": "Point", "coordinates": [ -113.559914, 53.596809 ] } },
{ "type": "Feature", "properties": { "id": 1766.0, "name": "Central Westmount Playground", "address": "10625 126 Street NW", "type": "Playground", "surface_type": "Sand", "accessibility": "Unknown", "user_category": "Junior/Senior (18 months to 12 years)", "neighbourhood_id": 3440.0, "neighbourhood_name": "WESTMOUNT" }, "geometry": { "type": "Point", "coordinates": [ -113.53899, 53.550244 ] } },
{ "type": "Feature", "properties": { "id": 1767.0, "name": "Westmount Back Alley Park Playground", "address": "10718 - 130 STREET NW T5M0Y9", "type": "Playground", "surface_type": "Sand", "accessibility": "Unknown", "user_category": "Senior (6 to 12 years)", "neighbourhood_id": 3440.0, "neighbourhood_name": "WESTMOUNT" }, "geometry": { "type": "Point", "coordinates": [ -113.547262, 53.552299 ] } },
{ "type": "Feature", "properties": { "id": 1768.0, "name": "Winterburn School Playground", "address": "9527 Winterburn Road NW", "type": "Playground", "surface_type": "Engineered Wood Fibre", "accessibility": "Wheelchair Accessible", "user_category": "Junior/Senior (18 months to 12 years)", "neighbourhood_id": 4261.0, "neighbourhood_name": "LEWIS FARMS BUSINESS EMPLOYMENT" }, "geometry": { "type": "Point", "coordinates": [ -113.687338, 53.534247 ] } },
{ "type": "Feature", "properties": { "id": 1780.0, "name": "Kittlitz Park (Wild Rose)", "address": "2850 36A Avenue NW", "type": "Playground", "surface_type": "Engineered Wood Fibre, Pour In Place Rubber", "accessibility": "Wheelchair Accessible", "user_category": "Junior/Senior (18 months to 12 years)", "neighbourhood_id": 6790.0, "neighbourhood_name": "WILD ROSE" }, "geometry": { "type": "Point", "coordinates": [ -113.385135, 53.469897 ] } },
{ "type": "Feature", "properties": { "id": 1781.0, "name": "W.C. \"Tubby\" Bateman Park", "address": "9703 88 Avenue NW", "type": "Playground", "surface_type": "Sand", "accessibility": "Unknown", "user_category": "Junior (18 months to 5 years)", "neighbourhood_id": 5480.0, "neighbourhood_name": "STRATHCONA" }, "geometry": { "type": "Point", "coordinates": [ -113.480079, 53.523247 ] } },
{ "type": "Feature", "properties": { "id": 1782.0, "name": "Henri Legay", "address": "51 Street - 140 Avenue", "type": "Playground", "surface_type": "Sand", "accessibility": "Unknown", "user_category": "Junior/Senior (18 months to 12 years)", "neighbourhood_id": 2720.0, "neighbourhood_name": "YORK" }, "geometry": { "type": "Point", "coordinates": [ -113.421232, 53.603711 ] } },
{ "type": "Feature", "properties": { "id": 18.0, "name": "Killarney Park", "address": "8720 130A Avenue NW", "type": "Playground", "surface_type": "Sand", "accessibility": "Unknown", "user_category": "Junior/Senior (18 months to 12 years)", "neighbourhood_id": 2420.0, "neighbourhood_name": "KILLARNEY" }, "geometry": { "type": "Point", "coordinates": [ -113.474838, 53.59062 ] } },
{ "type": "Feature", "properties": { "id": 1802.0, "name": "Fulton Place Community League", "address": "Fulton Drive and 62 Street NW", "type": "Playground", "surface_type": "Pour In Place Rubber, Sand", "accessibility": "Wheelchair Accessible", "user_category": "Junior/Senior (18 months to 12 years)", "neighbourhood_id": 6240.0, "neighbourhood_name": "FULTON PLACE" }, "geometry": { "type": "Point", "coordinates": [ -113.425786, 53.546197 ] } },
{ "type": "Feature", "properties": { "id": 1900.0, "name": "Mount Royal", "address": "11303 55 Street NW", "type": "Playground", "surface_type": "Sand", "accessibility": "Unknown", "user_category": "Junior/Senior (18 months to 12 years)", "neighbourhood_id": 2330.0, "neighbourhood_name": "HIGHLANDS" }, "geometry": { "type": "Point", "coordinates": [ -113.424439, 53.56751 ] } },
{ "type": "Feature", "properties": { "id": 1901.0, "name": "Rossdale", "address": "10135 96 Avenue NW", "type": "Playground", "surface_type": "Pour In Place Rubber, Sand", "accessibility": "Wheelchair Accessible", "user_category": "Junior/Senior (18 months to 12 years)", "neighbourhood_id": 1220.0, "neighbourhood_name": "ROSSDALE" }, "geometry": { "type": "Point", "coordinates": [ -113.49147, 53.53062 ] } },
{ "type": "Feature", "properties": { "id": 1902.0, "name": "Beverly Heights Park Tot Lot", "address": "3807 108 Avenue NW", "type": "Playground", "surface_type": "Sand", "accessibility": "Unknown", "user_category": "Junior/Senior (18 months to 12 years)", "neighbourhood_id": 2100.0, "neighbourhood_name": "BEVERLY HEIGHTS" }, "geometry": { "type": "Point", "coordinates": [ -113.40106, 53.560835 ] } },
{ "type": "Feature", "properties": { "id": 1905.0, "name": "Duggan School", "address": "10616 36A Avenue NW", "type": "Playground", "surface_type": "Sand", "accessibility": "Unknown", "user_category": "Junior/Senior (18 months to 12 years)", "neighbourhood_id": 5160.0, "neighbourhood_name": "DUGGAN" }, "geometry": { "type": "Point", "coordinates": [ -113.505916, 53.472292 ] } },
{ "type": "Feature", "properties": { "id": 1922.0, "name": "Richfield Tot Lot", "address": "8210 36 Avenue NW", "type": "Playground", "surface_type": "Sand", "accessibility": "Unknown", "user_category": "Junior (18 months to 5 years)", "neighbourhood_id": 6600.0, "neighbourhood_name": "RICHFIELD" }, "geometry": { "type": "Point", "coordinates": [ -113.457602, 53.472925 ] } },
{ "type": "Feature", "properties": { "id": 1924.0, "name": "Duncan Innes Park", "address": "8102 80 Avenue NW", "type": "Playground", "surface_type": "Sand", "accessibility": "Unknown", "user_category": "Junior/Senior (18 months to 12 years)", "neighbourhood_id": 6360.0, "neighbourhood_name": "KING EDWARD PARK" }, "geometry": { "type": "Point", "coordinates": [ -113.452384, 53.51625 ] } },
{ "type": "Feature", "properties": { "id": 1925.0, "name": "Maude Belle Park", "address": "7320 77 Avenue NW", "type": "Playground", "surface_type": "Sand", "accessibility": "Unknown", "user_category": "Junior (18 months to 5 years)", "neighbourhood_id": 6360.0, "neighbourhood_name": "KING EDWARD PARK" }, "geometry": { "type": "Point", "coordinates": [ -113.441282, 53.513809 ] } },
{ "type": "Feature", "properties": { "id": 1926.0, "name": "Terrace Heights Park", "address": "6702 - 101A AVENUE NW", "type": "Playground", "surface_type": "Pour In Place Rubber, Sand", "accessibility": "Unknown", "user_category": "Junior/Senior (18 months to 12 years)", "neighbourhood_id": 6620.0, "neighbourhood_name": "RIVER VALLEY GOLD BAR" }, "geometry": { "type": "Point", "coordinates": [ -113.433998, 53.543605 ] } },
{ "type": "Feature", "properties": { "id": 1927.0, "name": "Gold Bar Condos", "address": "4404 - 101 AVENUE NW", "type": "Playground", "surface_type": "Sand", "accessibility": "Unknown", "user_category": "Senior (6 to 12 years)", "neighbourhood_id": 6620.0, "neighbourhood_name": "RIVER VALLEY GOLD BAR" }, "geometry": { "type": "Point", "coordinates": [ -113.409532, 53.542681 ] } },
{ "type": "Feature", "properties": { "id": 1928.0, "name": "Buffalo Wallow Natural Play Area", "address": "10955 - 50 STREET NW T6A2E9", "type": "Playground", "surface_type": "Sand", "accessibility": "Unknown", "user_category": "Junior (18 months to 5 years)", "neighbourhood_id": 6620.0, "neighbourhood_name": "RIVER VALLEY GOLD BAR" }, "geometry": { "type": "Point", "coordinates": [ -113.40527, 53.555774 ] } },
{ "type": "Feature", "properties": { "id": 1940.0, "name": "Rosslyn East Playground", "address": "13535 104 Street NW", "type": "Playground", "surface_type": "Sand", "accessibility": "Unknown", "user_category": "Junior/Senior (18 months to 12 years)", "neighbourhood_id": 3390.0, "neighbourhood_name": "ROSSLYN" }, "geometry": { "type": "Point", "coordinates": [ -113.498549, 53.597945 ] } },
{ "type": "Feature", "properties": { "id": 1943.0, "name": "Inglewood Rocketship Park Playground", "address": "12120 112 Avenue NW", "type": "Playground", "surface_type": "Pour In Place Rubber", "accessibility": "Unknown", "user_category": "Junior/Senior (18 months to 12 years)", "neighbourhood_id": 3240.0, "neighbourhood_name": "INGLEWOOD" }, "geometry": { "type": "Point", "coordinates": [ -113.531866, 53.560879 ] } },
{ "type": "Feature", "properties": { "id": 1944.0, "name": "Sir Wilfrid Laurier Natural Playground", "address": "13221 Buena Vista Road", "type": "Playground", "surface_type": "Engineered Wood Fibre", "accessibility": "Wheelchair Accessible", "user_category": "Junior/Senior (18 months to 12 years)", "neighbourhood_id": 3382.0, "neighbourhood_name": "RIVER VALLEY LAURIER" }, "geometry": { "type": "Point", "coordinates": [ -113.549287, 53.510221 ] } },
{ "type": "Feature", "properties": { "id": 1945.0, "name": "The Grange Playground", "address": "1007 - GRAHAM COURT NW", "type": "Playground", "surface_type": "Sand", "accessibility": "Unknown", "user_category": "Junior/Senior (18 months to 12 years)", "neighbourhood_id": 4720.0, "neighbourhood_name": "GLASTONBURY" }, "geometry": { "type": "Point", "coordinates": [ -113.667545, 53.506606 ] } },
{ "type": "Feature", "properties": { "id": 1946.0, "name": "John Patrick Gillese Park Playground", "address": "671 - GLENWRIGHT CRESCENT NW", "type": "Playground", "surface_type": "Engineered Wood Fibre", "accessibility": "Wheelchair Accessible", "user_category": "Junior/Senior (18 months to 12 years)", "neighbourhood_id": 4720.0, "neighbourhood_name": "GLASTONBURY" }, "geometry": { "type": "Point", "coordinates": [ -113.668856, 53.503397 ] } },
{ "type": "Feature", "properties": { "id": 2001.0, "name": "Terwillegar Towne Park (Tomlinson Park)", "address": "1765 - TOMLINSON COMMON NW", "type": "Playground", "surface_type": "Sand", "accessibility": "Unknown", "user_category": "Junior/Senior (18 months to 12 years)", "neighbourhood_id": 5640.0, "neighbourhood_name": "TERWILLEGAR TOWNE" }, "geometry": { "type": "Point", "coordinates": [ -113.584781, 53.449686 ] } },
{ "type": "Feature", "properties": { "id": 2020.0, "name": "Beaumaris Park Playground", "address": "100 Street - 156 Avenue NW", "type": "Playground", "surface_type": "Sand", "accessibility": "Unknown", "user_category": "Junior/Senior (18 months to 12 years)", "neighbourhood_id": 3040.0, "neighbourhood_name": "BEAUMARIS" }, "geometry": { "type": "Point", "coordinates": [ -113.497897, 53.616696 ] } },
{ "type": "Feature", "properties": { "id": 2060.0, "name": "Cumberland Park Playground", "address": "129 Street - 148 Avenue NW", "type": "Playground", "surface_type": "Sand", "accessibility": "Unknown", "user_category": "Junior/Senior (18 months to 12 years)", "neighbourhood_id": 3150.0, "neighbourhood_name": "CUMBERLAND" }, "geometry": { "type": "Point", "coordinates": [ -113.544741, 53.610955 ] } },
{ "type": "Feature", "properties": { "id": 21.0, "name": "Overlanders", "address": "1150 Hermitage Road NW", "type": "Playground", "surface_type": "Sand", "accessibility": "Unknown", "user_category": "Unknown", "neighbourhood_id": 2590.0, "neighbourhood_name": "OVERLANDERS" }, "geometry": { "type": "Point", "coordinates": [ -113.387314, 53.581038 ] } },
{ "type": "Feature", "properties": { "id": 2180.0, "name": "Beverly Heights Lions", "address": "4201 115 Avenue NW", "type": "Playground", "surface_type": "Sand", "accessibility": "Unknown", "user_category": "Junior/Senior (18 months to 12 years)", "neighbourhood_id": 2100.0, "neighbourhood_name": "BEVERLY HEIGHTS" }, "geometry": { "type": "Point", "coordinates": [ -113.407026, 53.567377 ] } },
{ "type": "Feature", "properties": { "id": 2181.0, "name": "Rundle Park", "address": "2909 113 Avenue NW", "type": "Playground", "surface_type": "Pour In Place Rubber", "accessibility": "Wheelchair Accessible", "user_category": "Unknown", "neighbourhood_id": 2650.0, "neighbourhood_name": "RIVER VALLEY RUNDLE" }, "geometry": { "type": "Point", "coordinates": [ -113.386574, 53.555068 ] } },
{ "type": "Feature", "properties": { "id": 22.0, "name": "Kernohan", "address": "132 A Avenue - Clareview Road", "type": "Playground", "surface_type": "Sand", "accessibility": "Unknown", "user_category": "Junior/Senior (18 months to 12 years)", "neighbourhood_id": 2390.0, "neighbourhood_name": "KERNOHAN" }, "geometry": { "type": "Point", "coordinates": [ -113.3836, 53.593591 ] } },
{ "type": "Feature", "properties": { "id": 23.0, "name": "Airway Park", "address": "11119 113 Street NW", "type": "Playground", "surface_type": "Sand", "accessibility": "Unknown", "user_category": "Junior/Senior (18 months to 12 years)", "neighbourhood_id": 1170.0, "neighbourhood_name": "PRINCE RUPERT" }, "geometry": { "type": "Point", "coordinates": [ -113.514521, 53.560804 ] } },
{ "type": "Feature", "properties": { "id": 24.0, "name": "Prince Rupert Playground", "address": "11245 113 Street NW", "type": "Playground", "surface_type": "Engineered Wood Fibre, Sand", "accessibility": "Wheelchair Accessible", "user_category": "Senior (6 to 12 years)", "neighbourhood_id": 1170.0, "neighbourhood_name": "PRINCE RUPERT" }, "geometry": { "type": "Point", "coordinates": [ -113.519794, 53.562268 ] } },
{ "type": "Feature", "properties": { "id": 241.0, "name": "Aspen Gardens Community League", "address": "12015 39A Avenue NW", "type": "Playground", "surface_type": "Sand", "accessibility": "Unknown", "user_category": "Junior/Senior (18 months to 12 years)", "neighbourhood_id": 5020.0, "neighbourhood_name": "ASPEN GARDENS" }, "geometry": { "type": "Point", "coordinates": [ -113.542712, 53.474882 ] } },
{ "type": "Feature", "properties": { "id": 243.0, "name": "Westbrook Elementary", "address": "11915 40 Avenue NW", "type": "Playground", "surface_type": "Sand", "accessibility": "Unknown", "user_category": "Junior/Senior (18 months to 12 years)", "neighbourhood_id": 5020.0, "neighbourhood_name": "ASPEN GARDENS" }, "geometry": { "type": "Point", "coordinates": [ -113.540702, 53.475375 ] } },
{ "type": "Feature", "properties": { "id": 25.0, "name": "Wîhkwêntôwin School Playground", "address": "10210 117 Street NW", "type": "Playground", "surface_type": "Sand", "accessibility": "Unknown", "user_category": "Junior/Senior (18 months to 12 years)", "neighbourhood_id": 1151.0, "neighbourhood_name": "WÎHKWÊNTÔWIN" }, "geometry": { "type": "Point", "coordinates": [ -113.523495, 53.543486 ] } },
{ "type": "Feature", "properties": { "id": 2520.0, "name": "McQueen Park Playground", "address": "10825 McQueen Road NW", "type": "Playground", "surface_type": "Sand", "accessibility": "Unknown", "user_category": "Junior/Senior (18 months to 12 years)", "neighbourhood_id": 3300.0, "neighbourhood_name": "MCQUEEN" }, "geometry": { "type": "Point", "coordinates": [ -113.570877, 53.555655 ] } },
{ "type": "Feature", "properties": { "id": 26.0, "name": "Riverdale Park", "address": "9231 100 Avenue NW", "type": "Playground", "surface_type": "Rubber Tiles, Sand", "accessibility": "Wheelchair Accessible", "user_category": "Junior/Senior (18 months to 12 years)", "neighbourhood_id": 1210.0, "neighbourhood_name": "RIVERDALE" }, "geometry": { "type": "Point", "coordinates": [ -113.473302, 53.541487 ] } },
{ "type": "Feature", "properties": { "id": 261.0, "name": "Kensington Community Playground", "address": "12139 134B Avenue NW", "type": "Playground", "surface_type": "Sand", "accessibility": "Unknown", "user_category": "Junior/Senior (18 months to 12 years)", "neighbourhood_id": 3250.0, "neighbourhood_name": "KENSINGTON" }, "geometry": { "type": "Point", "coordinates": [ -113.531102, 53.595746 ] } },
{ "type": "Feature", "properties": { "id": 263.0, "name": "Dovercourt Community Playground", "address": "13510 Dovercourt Avenue NW", "type": "Playground", "surface_type": "Pour In Place Rubber, Sand", "accessibility": "Wheelchair Accessible", "user_category": "Junior/Senior (18 months to 12 years)", "neighbourhood_id": 3170.0, "neighbourhood_name": "DOVERCOURT" }, "geometry": { "type": "Point", "coordinates": [ -113.559559, 53.575976 ] } },
{ "type": "Feature", "properties": { "id": 264.0, "name": "Brittania-Youngstown Community Playground", "address": "15927 105 Avenue NW", "type": "Playground", "surface_type": "Sand", "accessibility": "Unknown", "user_category": "Junior/Senior (18 months to 12 years)", "neighbourhood_id": 4060.0, "neighbourhood_name": "BRITANNIA YOUNGSTOWN" }, "geometry": { "type": "Point", "coordinates": [ -113.597944, 53.548386 ] } },
{ "type": "Feature", "properties": { "id": 2641.0, "name": "Jackson Heights", "address": "1011 Jackson Road NW", "type": "Playground", "surface_type": "Sand", "accessibility": "Unknown", "user_category": "Junior (18 months to 5 years)", "neighbourhood_id": 6330.0, "neighbourhood_name": "JACKSON HEIGHTS" }, "geometry": { "type": "Point", "coordinates": [ -113.407796, 53.483302 ] } },
{ "type": "Feature", "properties": { "id": 265.0, "name": "Gordon Drynan Park Playground", "address": "10320 166 Street NW", "type": "Playground", "surface_type": "Sand", "accessibility": "Unknown", "user_category": "Junior/Senior (18 months to 12 years)", "neighbourhood_id": 4060.0, "neighbourhood_name": "BRITANNIA YOUNGSTOWN" }, "geometry": { "type": "Point", "coordinates": [ -113.609344, 53.546128 ] } },
{ "type": "Feature", "properties": { "id": 2660.0, "name": "Ecole Sainte-Jeanne-d'Arc", "address": "8505 68A Street NW", "type": "Playground", "surface_type": "Engineered Wood Fibre", "accessibility": "Wheelchair Accessible", "user_category": "Senior (6 to 12 years)", "neighbourhood_id": 6350.0, "neighbourhood_name": "KENILWORTH" }, "geometry": { "type": "Point", "coordinates": [ -113.430279, 53.520857 ] } },
{ "type": "Feature", "properties": { "id": 267.0, "name": "Jasper Park Community Playground", "address": "8751 153 Street NW", "type": "Playground", "surface_type": "Engineered Wood Fibre, Pour In Place Rubber", "accessibility": "Wheelchair Accessible", "user_category": "Junior/Senior (18 months to 12 years)", "neighbourhood_id": 4230.0, "neighbourhood_name": "JASPER PARK" }, "geometry": { "type": "Point", "coordinates": [ -113.584603, 53.5206 ] } },
{ "type": "Feature", "properties": { "id": 268.0, "name": "Parkview Community Playground", "address": "9135 146 Street NW", "type": "Playground", "surface_type": "Pour In Place Rubber, Sand", "accessibility": "Wheelchair Accessible", "user_category": "Junior/Senior (18 months to 12 years)", "neighbourhood_id": 3330.0, "neighbourhood_name": "PARKVIEW" }, "geometry": { "type": "Point", "coordinates": [ -113.569659, 53.525276 ] } },
{ "type": "Feature", "properties": { "id": 2680.0, "name": "Haddow Park", "address": "Haddow Drive - Hector Road NW", "type": "Playground", "surface_type": "Sand", "accessibility": "Unknown", "user_category": "Junior/Senior (18 months to 12 years)", "neighbourhood_id": 5610.0, "neighbourhood_name": "HADDOW" }, "geometry": { "type": "Point", "coordinates": [ -113.597065, 53.453655 ] } },
{ "type": "Feature", "properties": { "id": 269.0, "name": "Dechene Park Playground", "address": "18209 57 Avenue NW", "type": "Playground", "surface_type": "Sand", "accessibility": "Unknown", "user_category": "Junior/Senior (18 months to 12 years)", "neighbourhood_id": 4110.0, "neighbourhood_name": "DECHENE" }, "geometry": { "type": "Point", "coordinates": [ -113.636979, 53.491394 ] } },
{ "type": "Feature", "properties": { "id": 27.0, "name": "St. Patrick School", "address": "10250 95A Street NW", "type": "Playground", "surface_type": "Sand", "accessibility": "Unknown", "user_category": "Junior/Senior (18 months to 12 years)", "neighbourhood_id": 1010.0, "neighbourhood_name": "ALBERTA AVENUE" }, "geometry": { "type": "Point", "coordinates": [ -113.489408, 53.574341 ] } },
{ "type": "Feature", "properties": { "id": 28.0, "name": "Mee - Yah - Noh School", "address": "92 St. - 128 A Avenue", "type": "Playground", "surface_type": "Sand", "accessibility": "Unknown", "user_category": "Senior (6 to 12 years)", "neighbourhood_id": 2420.0, "neighbourhood_name": "KILLARNEY" }, "geometry": { "type": "Point", "coordinates": [ -113.482947, 53.58772 ] } },
{ "type": "Feature", "properties": { "id": 281.0, "name": "Glenwood Community Playground", "address": "16430 97 Avenue NW", "type": "Playground", "surface_type": "Sand", "accessibility": "Unknown", "user_category": "Junior/Senior (18 months to 12 years)", "neighbourhood_id": 4180.0, "neighbourhood_name": "GLENWOOD" }, "geometry": { "type": "Point", "coordinates": [ -113.605084, 53.535686 ] } },
{ "type": "Feature", "properties": { "id": 282.0, "name": "Brightview South Playground", "address": "15425 106 Avenue NW", "type": "Playground", "surface_type": "Engineered Wood Fibre", "accessibility": "Wheelchair Accessible", "user_category": "Junior/Senior (18 months to 12 years)", "neighbourhood_id": 4090.0, "neighbourhood_name": "CANORA" }, "geometry": { "type": "Point", "coordinates": [ -113.587274, 53.548398 ] } },
{ "type": "Feature", "properties": { "id": 2820.0, "name": "Oxford Park Playground", "address": "13104 155 Avenue NW", "type": "Playground", "surface_type": "Sand", "accessibility": "Unknown", "user_category": "Junior/Senior (18 months to 12 years)", "neighbourhood_id": 3320.0, "neighbourhood_name": "OXFORD" }, "geometry": { "type": "Point", "coordinates": [ -113.547777, 53.617976 ] } },
{ "type": "Feature", "properties": { "id": 283.0, "name": "High Park Community Playground", "address": "11032 154 Street NW", "type": "Playground", "surface_type": "Sand", "accessibility": "Unknown", "user_category": "Junior/Senior (18 months to 12 years)", "neighbourhood_id": 4200.0, "neighbourhood_name": "HIGH PARK" }, "geometry": { "type": "Point", "coordinates": [ -113.58856, 53.557336 ] } },
{ "type": "Feature", "properties": { "id": 284.0, "name": "McQueen Community Playground", "address": "McQueen Road - 109 Avenue NW", "type": "Playground", "surface_type": "Rubber Tiles, Sand", "accessibility": "Wheelchair Accessible", "user_category": "Junior/Senior (18 months to 12 years)", "neighbourhood_id": 3300.0, "neighbourhood_name": "MCQUEEN" }, "geometry": { "type": "Point", "coordinates": [ -113.570418, 53.55419 ] } },
{ "type": "Feature", "properties": { "id": 285.0, "name": "North Glenora Community League Playground", "address": "13637 109A Avenue NW", "type": "Playground", "surface_type": "Sand", "accessibility": "Unknown", "user_category": "Junior/Senior (18 months to 12 years)", "neighbourhood_id": 3310.0, "neighbourhood_name": "NORTH GLENORA" }, "geometry": { "type": "Point", "coordinates": [ -113.557351, 53.554981 ] } },
{ "type": "Feature", "properties": { "id": 286.0, "name": "Westglen Park Playground", "address": "12840 109 Avenue NW", "type": "Playground", "surface_type": "Sand", "accessibility": "Unknown", "user_category": "Junior/Senior (18 months to 12 years)", "neighbourhood_id": 3440.0, "neighbourhood_name": "WESTMOUNT" }, "geometry": { "type": "Point", "coordinates": [ -113.543946, 53.554872 ] } },
{ "type": "Feature", "properties": { "id": 287.0, "name": "Edmonton Grads Park Playground", "address": "10914 120 Street NW", "type": "Playground", "surface_type": "Sand", "accessibility": "Unknown", "user_category": "Junior/Senior (18 months to 12 years)", "neighbourhood_id": 3440.0, "neighbourhood_name": "WESTMOUNT" }, "geometry": { "type": "Point", "coordinates": [ -113.531347, 53.555792 ] } },
{ "type": "Feature", "properties": { "id": 288.0, "name": "Calder Community Playground", "address": "12963 120 Street NW", "type": "Playground", "surface_type": "Sand", "accessibility": "Unknown", "user_category": "Junior/Senior (18 months to 12 years)", "neighbourhood_id": 3070.0, "neighbourhood_name": "CALDER" }, "geometry": { "type": "Point", "coordinates": [ -113.52742, 53.58964 ] } },
{ "type": "Feature", "properties": { "id": 29.0, "name": "Rundle Heights School", "address": "10805 - 34 STREET NW", "type": "Playground", "surface_type": "Engineered Wood Fibre, Pour In Place Rubber", "accessibility": "Wheelchair Accessible", "user_category": "Junior (18 months to 5 years)", "neighbourhood_id": 2660.0, "neighbourhood_name": "RUNDLE HEIGHTS" }, "geometry": { "type": "Point", "coordinates": [ -113.392088, 53.562049 ] } },
{ "type": "Feature", "properties": { "id": 290.0, "name": "Glenora Community Playground", "address": "10426 136 Street NW", "type": "Playground", "surface_type": "Pour In Place Rubber, Sand", "accessibility": "Wheelchair Accessible", "user_category": "Junior/Senior (18 months to 12 years)", "neighbourhood_id": 3200.0, "neighbourhood_name": "GLENORA" }, "geometry": { "type": "Point", "coordinates": [ -113.556841, 53.546534 ] } },
{ "type": "Feature", "properties": { "id": 292.0, "name": "Crestwood Community Playground", "address": "14325 96 Avenue NW", "type": "Playground", "surface_type": "Pour In Place Rubber", "accessibility": "Wheelchair Accessible", "user_category": "Junior/Senior (18 months to 12 years)", "neighbourhood_id": 3140.0, "neighbourhood_name": "CRESTWOOD" }, "geometry": { "type": "Point", "coordinates": [ -113.569752, 53.533316 ] } },
{ "type": "Feature", "properties": { "id": 295.0, "name": "West Meadowlark Community Playground", "address": "9311 165 Street NW", "type": "Playground", "surface_type": "Pour In Place Rubber", "accessibility": "Wheelchair Accessible", "user_category": "Junior/Senior (18 months to 12 years)", "neighbourhood_id": 4590.0, "neighbourhood_name": "WEST MEADOWLARK PARK" }, "geometry": { "type": "Point", "coordinates": [ -113.606483, 53.529425 ] } },
{ "type": "Feature", "properties": { "id": 296.0, "name": "Primrose Park Playground", "address": "85 Avenue and 189 Street NW", "type": "Playground", "surface_type": "Sand", "accessibility": "Unknown", "user_category": "Junior/Senior (18 months to 12 years)", "neighbourhood_id": 4020.0, "neighbourhood_name": "ALDERGROVE" }, "geometry": { "type": "Point", "coordinates": [ -113.648255, 53.517777 ] } },
{ "type": "Feature", "properties": { "id": 297.0, "name": "Caernarvon Bear Playground", "address": "114A to 118 Street - 148 to 151 Avenue NW", "type": "Playground", "surface_type": "Pour In Place Rubber", "accessibility": "Unknown", "user_category": "Junior/Senior (18 months to 12 years)", "neighbourhood_id": 3060.0, "neighbourhood_name": "CAERNARVON" }, "geometry": { "type": "Point", "coordinates": [ -113.520418, 53.609887 ] } },
{ "type": "Feature", "properties": { "id": 301.0, "name": "Garneau Community", "address": "10943 84 Avenue NW", "type": "Playground", "surface_type": "Sand", "accessibility": "Unknown", "user_category": "Junior/Senior (18 months to 12 years)", "neighbourhood_id": 5200.0, "neighbourhood_name": "GARNEAU" }, "geometry": { "type": "Point", "coordinates": [ -113.513443, 53.519795 ] } },
{ "type": "Feature", "properties": { "id": 303.0, "name": "McKernan School", "address": "11330 76 Avenue NW", "type": "Playground", "surface_type": "Sand", "accessibility": "Unknown", "user_category": "Junior/Senior (18 months to 12 years)", "neighbourhood_id": 5290.0, "neighbourhood_name": "MCKERNAN" }, "geometry": { "type": "Point", "coordinates": [ -113.523495, 53.513653 ] } },
{ "type": "Feature", "properties": { "id": 304.0, "name": "Belgravia Park Playground", "address": "11540 73 Avenue NW", "type": "Playground", "surface_type": "Pour In Place Rubber, Sand", "accessibility": "Wheelchair Accessible", "user_category": "Junior/Senior (18 months to 12 years)", "neighbourhood_id": 5040.0, "neighbourhood_name": "BELGRAVIA" }, "geometry": { "type": "Point", "coordinates": [ -113.53083, 53.509558 ] } },
{ "type": "Feature", "properties": { "id": 305.0, "name": "Grandview School Park (EPSB)", "address": "6225 127 Street NW", "type": "Playground", "surface_type": "Sand", "accessibility": "Unknown", "user_category": "Junior/Senior (18 months to 12 years)", "neighbourhood_id": 5210.0, "neighbourhood_name": "GRANDVIEW HEIGHTS" }, "geometry": { "type": "Point", "coordinates": [ -113.546474, 53.499016 ] } },
{ "type": "Feature", "properties": { "id": 306.0, "name": "Lendrum Park", "address": "11335 57 Avenue NW", "type": "Playground", "surface_type": "Engineered Wood Fibre, Pour In Place Rubber, Sand", "accessibility": "Wheelchair Accessible", "user_category": "Junior/Senior (18 months to 12 years)", "neighbourhood_id": 5270.0, "neighbourhood_name": "LENDRUM PLACE" }, "geometry": { "type": "Point", "coordinates": [ -113.524176, 53.49423 ] } },
{ "type": "Feature", "properties": { "id": 307.0, "name": "Lendrum Elementary School (EPSB)", "address": "11330 54 Avenue NW", "type": "Playground", "surface_type": "Sand", "accessibility": "Unknown", "user_category": "Junior/Senior (18 months to 12 years)", "neighbourhood_id": 5270.0, "neighbourhood_name": "LENDRUM PLACE" }, "geometry": { "type": "Point", "coordinates": [ -113.523076, 53.491273 ] } },
{ "type": "Feature", "properties": { "id": 308.0, "name": "Ellingson Park", "address": "11104 65 Avenue NW", "type": "Playground", "surface_type": "Pour in Place Rubber, Sand", "accessibility": "Wheelchair Accessible", "user_category": "Junior/Senior (18 months to 12 years)", "neighbourhood_id": 5310.0, "neighbourhood_name": "PARKALLEN" }, "geometry": { "type": "Point", "coordinates": [ -113.517949, 53.503037 ] } },
{ "type": "Feature", "properties": { "id": 309.0, "name": "Kinsmen Park Senior", "address": "9100 Walterdale Hill NW", "type": "Playground", "surface_type": "Pour In Place Rubber", "accessibility": "Wheelchair Accessible", "user_category": "Junior/Senior (18 months to 12 years)", "neighbourhood_id": 5390.0, "neighbourhood_name": "RIVER VALLEY WALTERDALE" }, "geometry": { "type": "Point", "coordinates": [ -113.509052, 53.526979 ] } },
{ "type": "Feature", "properties": { "id": 31.0, "name": "McLeod Park", "address": "14503 59 Street NW", "type": "Playground", "surface_type": "Sand", "accessibility": "Unknown", "user_category": "Junior/Senior (18 months to 12 years)", "neighbourhood_id": 2530.0, "neighbourhood_name": "MCLEOD" }, "geometry": { "type": "Point", "coordinates": [ -113.431263, 53.60959 ] } },
{ "type": "Feature", "properties": { "id": 310.0, "name": "Emily Murphy Park", "address": "11904 Emily Murphy Park Road", "type": "Playground", "surface_type": "Sand", "accessibility": "Unknown", "user_category": "Junior/Senior (18 months to 12 years)", "neighbourhood_id": 5370.0, "neighbourhood_name": "RIVER VALLEY MAYFAIR" }, "geometry": { "type": "Point", "coordinates": [ -113.538692, 53.534056 ] } },
{ "type": "Feature", "properties": { "id": 311.0, "name": "Malmo Plains School", "address": "4716 115 Street NW", "type": "Playground", "surface_type": "Sand", "accessibility": "Unknown", "user_category": "Junior/Senior (18 months to 12 years)", "neighbourhood_id": 5280.0, "neighbourhood_name": "MALMO PLAINS" }, "geometry": { "type": "Point", "coordinates": [ -113.530398, 53.48508 ] } },
{ "type": "Feature", "properties": { "id": 313.0, "name": "Royal Gardens Community League", "address": "4030 117 Street NW", "type": "Playground", "surface_type": "Sand", "accessibility": "Unknown", "user_category": "Junior/Senior (18 months to 12 years)", "neighbourhood_id": 5430.0, "neighbourhood_name": "ROYAL GARDENS" }, "geometry": { "type": "Point", "coordinates": [ -113.53577, 53.478128 ] } },
{ "type": "Feature", "properties": { "id": 315.0, "name": "Steinhauer School", "address": "10709 32A Avenue NW", "type": "Playground", "surface_type": "Sand", "accessibility": "Unknown", "user_category": "Junior/Senior (18 months to 12 years)", "neighbourhood_id": 5470.0, "neighbourhood_name": "STEINHAUER" }, "geometry": { "type": "Point", "coordinates": [ -113.50459, 53.46451 ] } },
{ "type": "Feature", "properties": { "id": 316.0, "name": "Ermineskin Park", "address": "25A Avenue - 107 Street NW", "type": "Playground", "surface_type": "Engineered Wood Fibre, Pour In Place Rubber", "accessibility": "Unknown", "user_category": "Junior/Senior (18 months to 12 years)", "neighbourhood_id": 5180.0, "neighbourhood_name": "ERMINESKIN" }, "geometry": { "type": "Point", "coordinates": [ -113.506146, 53.456929 ] } },
{ "type": "Feature", "properties": { "id": 317.0, "name": "Keheewin School", "address": "1410 105 Street NW", "type": "Playground", "surface_type": "Sand", "accessibility": "Unknown", "user_category": "Junior/Senior (18 months to 12 years)", "neighbourhood_id": 5250.0, "neighbourhood_name": "KEHEEWIN" }, "geometry": { "type": "Point", "coordinates": [ -113.502748, 53.448429 ] } },
{ "type": "Feature", "properties": { "id": 32.0, "name": "St. Dominic School", "address": "5804 144 Avenue NW", "type": "Playground", "surface_type": "Sand", "accessibility": "Unknown", "user_category": "Senior (6 to 12 years)", "neighbourhood_id": 2530.0, "neighbourhood_name": "MCLEOD" }, "geometry": { "type": "Point", "coordinates": [ -113.433769, 53.605931 ] } },
{ "type": "Feature", "properties": { "id": 320.0, "name": "Queen Alexandra Community League", "address": "10722 - 73 AVENUE NW", "type": "Playground", "surface_type": "Pour In Place Rubber, Sand", "accessibility": "Wheelchair Accessible", "user_category": "Junior/Senior (18 months to 12 years)", "neighbourhood_id": 5330.0, "neighbourhood_name": "QUEEN ALEXANDRA" }, "geometry": { "type": "Point", "coordinates": [ -113.508243, 53.509695 ] } },
{ "type": "Feature", "properties": { "id": 3200.0, "name": "Doug Kelly Park Playground", "address": "208 Street NW & 57 Avenue NW", "type": "Playground", "surface_type": "Engineered Wood Fibre", "accessibility": "Wheelchair Accessible", "user_category": "Junior/Senior (18 months to 12 years)", "neighbourhood_id": 4461.0, "neighbourhood_name": "THE HAMPTONS" }, "geometry": { "type": "Point", "coordinates": [ -113.679388, 53.492796 ] } },
{ "type": "Feature", "properties": { "id": 321.0, "name": "Pleasantview Community Playground", "address": "10860 57 Avenue NW", "type": "Playground", "surface_type": "Engineered Wood Fibre, Sand", "accessibility": "Unknown", "user_category": "Junior/Senior (18 months to 12 years)", "neighbourhood_id": 5320.0, "neighbourhood_name": "PLEASANTVIEW" }, "geometry": { "type": "Point", "coordinates": [ -113.510651, 53.493984 ] } },
{ "type": "Feature", "properties": { "id": 323.0, "name": "Duggan Community League", "address": "3728 106 Street NW", "type": "Playground", "surface_type": "Sand", "accessibility": "Unknown", "user_category": "Junior/Senior (18 months to 12 years)", "neighbourhood_id": 5160.0, "neighbourhood_name": "DUGGAN" }, "geometry": { "type": "Point", "coordinates": [ -113.506217, 53.473121 ] } },
{ "type": "Feature", "properties": { "id": 325.0, "name": "Twin Brooks Playground (George Nicholson School)", "address": "12 Avenue - 113 Street NW", "type": "Playground", "surface_type": "Engineered Wood Fibre", "accessibility": "Wheelchair Accessible", "user_category": "Junior/Senior (18 months to 12 years)", "neighbourhood_id": 5511.0, "neighbourhood_name": "TWIN BROOKS" }, "geometry": { "type": "Point", "coordinates": [ -113.526782, 53.443118 ] } },
{ "type": "Feature", "properties": { "id": 3260.0, "name": "Klarvatten", "address": "211 Klarvatten Road", "type": "Playground", "surface_type": "Engineered Wood Fibre", "accessibility": "Wheelchair Accessible", "user_category": "Junior/Senior (18 months to 12 years)", "neighbourhood_id": 2440.0, "neighbourhood_name": "KLARVATTEN" }, "geometry": { "type": "Point", "coordinates": [ -113.47541, 53.633153 ] } },
{ "type": "Feature", "properties": { "id": 3261.0, "name": "Leger School", "address": "Leger Road - Leger Court NW", "type": "Playground", "surface_type": "Engineered Wood Fibre, Pour In Place Rubber", "accessibility": "Unknown", "user_category": "Junior/Senior (18 months to 12 years)", "neighbourhood_id": 5630.0, "neighbourhood_name": "LEGER" }, "geometry": { "type": "Point", "coordinates": [ -113.576727, 53.459256 ] } },
{ "type": "Feature", "properties": { "id": 327.0, "name": "St. Clements School", "address": "7620 Mill Woods Road South NW", "type": "Playground", "surface_type": "Pour In Place Rubber", "accessibility": "Wheelchair Accessible", "user_category": "Junior/Senior (18 months to 12 years)", "neighbourhood_id": 6200.0, "neighbourhood_name": "EKOTA" }, "geometry": { "type": "Point", "coordinates": [ -113.448376, 53.445766 ] } },
{ "type": "Feature", "properties": { "id": 328.0, "name": "La Perle Community Playground", "address": "18611 97A Avenue NW", "type": "Playground", "surface_type": "Pour In Place Rubber, Sand", "accessibility": "Wheelchair Accessible", "user_category": "Junior/Senior (18 months to 12 years)", "neighbourhood_id": 4240.0, "neighbourhood_name": "LA PERLE" }, "geometry": { "type": "Point", "coordinates": [ -113.643914, 53.533239 ] } },
{ "type": "Feature", "properties": { "id": 3282.0, "name": "Terwillegar Park", "address": "Sutter Place", "type": "Playground", "surface_type": "Sand", "accessibility": "Unknown", "user_category": "Junior/Senior (18 months to 12 years)", "neighbourhood_id": 5642.0, "neighbourhood_name": "SOUTH TERWILLEGAR" }, "geometry": { "type": "Point", "coordinates": [ -113.587051, 53.442752 ] } },
{ "type": "Feature", "properties": { "id": 3283.0, "name": "Blackmud Park", "address": "Blackmud Creek Dr SW and Baker Close SW", "type": "Playground", "surface_type": "Sand", "accessibility": "Unknown", "user_category": "Junior/Senior (18 months to 12 years)", "neighbourhood_id": 5453.0, "neighbourhood_name": "BLACKMUD CREEK" }, "geometry": { "type": "Point", "coordinates": [ -113.513041, 53.420175 ] } },
{ "type": "Feature", "properties": { "id": 33.0, "name": "Northmount", "address": "9204 104 Avenue NW", "type": "Playground", "surface_type": "Sand", "accessibility": "Unknown", "user_category": "Junior/Senior (18 months to 12 years)", "neighbourhood_id": 2580.0, "neighbourhood_name": "NORTHMOUNT" }, "geometry": { "type": "Point", "coordinates": [ -113.481814, 53.603494 ] } },
{ "type": "Feature", "properties": { "id": 330.0, "name": "James Ramsay Park", "address": "15010 - 43 AVENUE NW", "type": "Playground", "surface_type": "Pour In Place Rubber, Sand", "accessibility": "Wheelchair Accessible", "user_category": "Junior/Senior (18 months to 12 years)", "neighbourhood_id": 5340.0, "neighbourhood_name": "RAMSAY HEIGHTS" }, "geometry": { "type": "Point", "coordinates": [ -113.581274, 53.481076 ] } },
{ "type": "Feature", "properties": { "id": 331.0, "name": "Kinross-Kerr Park Playground", "address": "504 Ronning St NW", "type": "Playground", "surface_type": "Engineered Wood Fibre", "accessibility": "Unknown", "user_category": "Junior/Senior (18 months to 12 years)", "neighbourhood_id": 5350.0, "neighbourhood_name": "RHATIGAN RIDGE" }, "geometry": { "type": "Point", "coordinates": [ -113.596643, 53.47613 ] } },
{ "type": "Feature", "properties": { "id": 332.0, "name": "Prince Charles Park Playground", "address": "12033 125 Street NW", "type": "Playground", "surface_type": "Sand", "accessibility": "Unknown", "user_category": "Junior/Senior (18 months to 12 years)", "neighbourhood_id": 3350.0, "neighbourhood_name": "PRINCE CHARLES" }, "geometry": { "type": "Point", "coordinates": [ -113.537103, 53.574487 ] } },
{ "type": "Feature", "properties": { "id": 333.0, "name": "Sherwood Community Playground", "address": "15430 93 Avenue NW", "type": "Playground", "surface_type": "Sand", "accessibility": "Unknown", "user_category": "Junior/Senior (18 months to 12 years)", "neighbourhood_id": 4500.0, "neighbourhood_name": "SHERWOOD" }, "geometry": { "type": "Point", "coordinates": [ -113.587383, 53.528769 ] } },
{ "type": "Feature", "properties": { "id": 334.0, "name": "Westwood Arena/Park", "address": "12040 97 Street NW", "type": "Playground", "surface_type": "Sand", "accessibility": "Unknown", "user_category": "Junior/Senior (18 months to 12 years)", "neighbourhood_id": 1250.0, "neighbourhood_name": "WESTWOOD" }, "geometry": { "type": "Point", "coordinates": [ -113.493189, 53.57383 ] } },
{ "type": "Feature", "properties": { "id": 3341.0, "name": "Knob Hill Park", "address": "95 Avenue - 97 Street NW", "type": "Playground", "surface_type": "Sand", "accessibility": "Unknown", "user_category": "Junior/Senior (18 months to 12 years)", "neighbourhood_id": 6491.0, "neighbourhood_name": "MILL CREEK RAVINE NORTH" }, "geometry": { "type": "Point", "coordinates": [ -113.479618, 53.531785 ] } },
{ "type": "Feature", "properties": { "id": 3342.0, "name": "Silver Berry Park", "address": "29 Street NW and Silver Berry Road NW", "type": "Playground", "surface_type": "Pour In Place Rubber, Sand", "accessibility": "Wheelchair Accessible", "user_category": "Junior/Senior (18 months to 12 years)", "neighbourhood_id": 6442.0, "neighbourhood_name": "SILVER BERRY" }, "geometry": { "type": "Point", "coordinates": [ -113.384236, 53.457541 ] } },
{ "type": "Feature", "properties": { "id": 3343.0, "name": "Laurel Park", "address": "21 Avenue - 33 Street NW", "type": "Playground", "surface_type": "Engineered Wood Fibre", "accessibility": "Wheelchair Accessible", "user_category": "Junior (18 months to 5 years)", "neighbourhood_id": 6444.0, "neighbourhood_name": "LAUREL" }, "geometry": { "type": "Point", "coordinates": [ -113.390074, 53.451418 ] } },
{ "type": "Feature", "properties": { "id": 335.0, "name": "Westwood Community", "address": "10429 122 Avenue NW", "type": "Playground", "surface_type": "Sand", "accessibility": "Unknown", "user_category": "Junior/Senior (18 months to 12 years)", "neighbourhood_id": 1250.0, "neighbourhood_name": "WESTWOOD" }, "geometry": { "type": "Point", "coordinates": [ -113.499762, 53.576189 ] } },
{ "type": "Feature", "properties": { "id": 336.0, "name": "Windsor Park Community", "address": "11814 87 Avenue NW", "type": "Playground", "surface_type": "Engineered Wood Fibre, Pour In Place Rubber, Sand", "accessibility": "Unknown", "user_category": "Junior/Senior (18 months to 12 years)", "neighbourhood_id": 5580.0, "neighbourhood_name": "WINDSOR PARK" }, "geometry": { "type": "Point", "coordinates": [ -113.535719, 53.523308 ] } },
{ "type": "Feature", "properties": { "id": 3360.0, "name": "Rutherford (Johnny Bright School)", "address": "Rutherford Road", "type": "Playground", "surface_type": "Pour In Place Rubber, Sand", "accessibility": "Wheelchair Accessible", "user_category": "Junior/Senior (18 months to 12 years)", "neighbourhood_id": 5454.0, "neighbourhood_name": "RUTHERFORD" }, "geometry": { "type": "Point", "coordinates": [ -113.534899, 53.420128 ] } },
{ "type": "Feature", "properties": { "id": 3365.0, "name": "Rosslyn Community Playground", "address": "11015 134 Avenue NW", "type": "Playground", "surface_type": "Pour In Place Rubber", "accessibility": "Wheelchair Accessible", "user_category": "Junior/Senior (18 months to 12 years)", "neighbourhood_id": 3390.0, "neighbourhood_name": "ROSSLYN" }, "geometry": { "type": "Point", "coordinates": [ -113.512194, 53.59416 ] } },
{ "type": "Feature", "properties": { "id": 3369.0, "name": "Brightview School Playground", "address": "15425 106 Avenue NW", "type": "Playground", "surface_type": "Engineered Wood Fibre", "accessibility": "Wheelchair Accessible", "user_category": "Junior/Senior (18 months to 12 years)", "neighbourhood_id": 4090.0, "neighbourhood_name": "CANORA" }, "geometry": { "type": "Point", "coordinates": [ -113.587661, 53.548723 ] } },
{ "type": "Feature", "properties": { "id": 3372.0, "name": "St. Benedict Catholic School Playground", "address": "180 Street - 93 Avenue NW", "type": "Playground", "surface_type": "Sand", "accessibility": "Unknown", "user_category": "Junior/Senior (18 months to 12 years)", "neighbourhood_id": 4040.0, "neighbourhood_name": "BELMEAD" }, "geometry": { "type": "Point", "coordinates": [ -113.634754, 53.525926 ] } },
{ "type": "Feature", "properties": { "id": 3373.0, "name": "Belmead School Playground", "address": "9109 182 Street NW", "type": "Playground", "surface_type": "Sand", "accessibility": "Unknown", "user_category": "Junior/Senior (18 months to 12 years)", "neighbourhood_id": 4040.0, "neighbourhood_name": "BELMEAD" }, "geometry": { "type": "Point", "coordinates": [ -113.635969, 53.52585 ] } },
{ "type": "Feature", "properties": { "id": 3378.0, "name": "Garneau School East", "address": "10925 87 Avenue NW", "type": "Playground", "surface_type": "Sand", "accessibility": "Unknown", "user_category": "Junior/Senior (18 months to 12 years)", "neighbourhood_id": 5200.0, "neighbourhood_name": "GARNEAU" }, "geometry": { "type": "Point", "coordinates": [ -113.512656, 53.522152 ] } },
{ "type": "Feature", "properties": { "id": 3382.0, "name": "Garneau School West", "address": "10925 87 Avenue NW", "type": "Playground", "surface_type": "Sand", "accessibility": "Unknown", "user_category": "Junior/Senior (18 months to 12 years)", "neighbourhood_id": 5200.0, "neighbourhood_name": "GARNEAU" }, "geometry": { "type": "Point", "coordinates": [ -113.514626, 53.522121 ] } },
{ "type": "Feature", "properties": { "id": 3400.0, "name": "Braids Park (St. Williams Park)", "address": "13415 60 Street NW", "type": "Playground", "surface_type": "Engineered Wood Fibre", "accessibility": "Wheelchair Accessible", "user_category": "Senior (6 to 12 years)", "neighbourhood_id": 2080.0, "neighbourhood_name": "BELVEDERE" }, "geometry": { "type": "Point", "coordinates": [ -113.432925, 53.596879 ] } },
{ "type": "Feature", "properties": { "id": 3401.0, "name": "Miller Park", "address": "50 St-Matheson Way", "type": "Playground", "surface_type": "Engineered Wood Fibre", "accessibility": "Wheelchair Accessible", "user_category": "Junior (18 months to 5 years)", "neighbourhood_id": 2541.0, "neighbourhood_name": "MILLER" }, "geometry": { "type": "Point", "coordinates": [ -113.415971, 53.612646 ] } },
{ "type": "Feature", "properties": { "id": 3403.0, "name": "Evergreen Trailer Park", "address": "6 Street - 167 Avenue", "type": "Playground", "surface_type": "Sand", "accessibility": "Unknown", "user_category": "Junior/Senior (18 months to 12 years)", "neighbourhood_id": 2270.0, "neighbourhood_name": "EVERGREEN" }, "geometry": { "type": "Point", "coordinates": [ -113.351401, 53.632158 ] } },
{ "type": "Feature", "properties": { "id": 342.0, "name": "John Devoldere Memorial Park Playground", "address": "16415 - 83 AVENUE NW T5R3V8", "type": "Playground", "surface_type": "Pour In Place Rubber, Sand", "accessibility": "Wheelchair Accessible", "user_category": "Junior/Senior (18 months to 12 years)", "neighbourhood_id": 4140.0, "neighbourhood_name": "ELMWOOD" }, "geometry": { "type": "Point", "coordinates": [ -113.605772, 53.51593 ] } },
{ "type": "Feature", "properties": { "id": 3425.0, "name": "Maple Ridge Park", "address": "1615 66 Avenue NW", "type": "Playground", "surface_type": "Engineered Wood Fibre", "accessibility": "Wheelchair Accessible", "user_category": "Junior/Senior (18 months to 12 years)", "neighbourhood_id": 6410.0, "neighbourhood_name": "MAPLE RIDGE" }, "geometry": { "type": "Point", "coordinates": [ -113.368079, 53.501863 ] } },
{ "type": "Feature", "properties": { "id": 343.0, "name": "Robert Carter Park", "address": "1100 Carter Crest Road NW", "type": "Playground", "surface_type": "Sand", "accessibility": "Unknown", "user_category": "Junior/Senior (18 months to 12 years)", "neighbourhood_id": 5130.0, "neighbourhood_name": "CARTER CREST" }, "geometry": { "type": "Point", "coordinates": [ -113.575176, 53.464439 ] } },
{ "type": "Feature", "properties": { "id": 344.0, "name": "Ogilvie Ridge Community", "address": "951 Ogilvie Boulevard NW", "type": "Playground", "surface_type": "Engineered Wood Fibre", "accessibility": "Wheelchair Accessible", "user_category": "Junior/Senior (18 months to 12 years)", "neighbourhood_id": 5300.0, "neighbourhood_name": "OGILVIE RIDGE" }, "geometry": { "type": "Point", "coordinates": [ -113.562009, 53.463227 ] } },
{ "type": "Feature", "properties": { "id": 345.0, "name": "Blue Quill West", "address": "121 Street - 25 Avenue NW", "type": "Playground", "surface_type": "Sand", "accessibility": "Unknown", "user_category": "Junior/Senior (18 months to 12 years)", "neighbourhood_id": 5070.0, "neighbourhood_name": "BLUE QUILL ESTATES" }, "geometry": { "type": "Point", "coordinates": [ -113.538845, 53.456856 ] } },
{ "type": "Feature", "properties": { "id": 346.0, "name": "Allan Grey Park", "address": "89 Street - 75 Avenue NW", "type": "Playground", "surface_type": "Sand", "accessibility": "Unknown", "user_category": "Junior/Senior (18 months to 12 years)", "neighbourhood_id": 6020.0, "neighbourhood_name": "AVONMORE" }, "geometry": { "type": "Point", "coordinates": [ -113.462262, 53.511632 ] } },
{ "type": "Feature", "properties": { "id": 3463.0, "name": "Jackie Parker Park", "address": "50 Street - 44 Avenue NW", "type": "Playground", "surface_type": "Engineered Wood Fibre", "accessibility": "Wheelchair Accessible", "user_category": "Senior (6 to 12 years)", "neighbourhood_id": 6500.0, "neighbourhood_name": "MILL WOODS GOLF COURSE" }, "geometry": { "type": "Point", "coordinates": [ -113.422685, 53.484213 ] } },
{ "type": "Feature", "properties": { "id": 35.0, "name": "Bannerman Park", "address": "23 Street - 140 Avenue", "type": "Playground", "surface_type": "Sand", "accessibility": "Unknown", "user_category": "Junior/Senior (18 months to 12 years)", "neighbourhood_id": 2030.0, "neighbourhood_name": "BANNERMAN" }, "geometry": { "type": "Point", "coordinates": [ -113.378583, 53.604008 ] } },
{ "type": "Feature", "properties": { "id": 3560.0, "name": "Ambleside Stage 9 (Rope Climb)", "address": "Austin Link and Armitage Crescent SW", "type": "Playground", "surface_type": "Engineered Wood Fibre", "accessibility": "Wheelchair Accessible", "user_category": "Junior/Senior (18 months to 12 years)", "neighbourhood_id": 5505.0, "neighbourhood_name": "AMBLESIDE" }, "geometry": { "type": "Point", "coordinates": [ -113.60897, 53.430032 ] } },
{ "type": "Feature", "properties": { "id": 3564.0, "name": "Ambleside Park", "address": "181 Ambleside Drive SW", "type": "Playground", "surface_type": "Engineered Wood Fibre", "accessibility": "Wheelchair Accessible", "user_category": "Junior/Senior (18 months to 12 years)", "neighbourhood_id": 5505.0, "neighbourhood_name": "AMBLESIDE" }, "geometry": { "type": "Point", "coordinates": [ -113.603531, 53.432886 ] } },
{ "type": "Feature", "properties": { "id": 3565.0, "name": "MacEwan", "address": "252 MacEwan Road", "type": "Playground", "surface_type": "Pour In Place Rubber, Sand", "accessibility": "Wheelchair Accessible", "user_category": "Junior/Senior (18 months to 12 years)", "neighbourhood_id": 5452.0, "neighbourhood_name": "MACEWAN" }, "geometry": { "type": "Point", "coordinates": [ -113.530413, 53.429455 ] } },
{ "type": "Feature", "properties": { "id": 3580.0, "name": "Elsinore Chambery Park Playground", "address": "176 Avenue, Between 104-107 Street", "type": "Playground", "surface_type": "Pour In Place Rubber", "accessibility": "Wheelchair Accessible", "user_category": "Junior/Senior (18 months to 12 years)", "neighbourhood_id": 3190.0, "neighbourhood_name": "ELSINORE" }, "geometry": { "type": "Point", "coordinates": [ -113.505845, 53.640991 ] } },
{ "type": "Feature", "properties": { "id": 3581.0, "name": "Hudson Park Playground", "address": "Cumberland Rd & 138 St", "type": "Playground", "surface_type": "Pour In Place Rubber, Sand", "accessibility": "Wheelchair Accessible", "user_category": "Junior/Senior (18 months to 12 years)", "neighbourhood_id": 3480.0, "neighbourhood_name": "HUDSON" }, "geometry": { "type": "Point", "coordinates": [ -113.556273, 53.607629 ] } },
{ "type": "Feature", "properties": { "id": 36.0, "name": "Montrose Community League", "address": "5920 119 Avenue NW", "type": "Playground", "surface_type": "Pour In Place Rubber", "accessibility": "Wheelchair Accessible", "user_category": "Junior (18 months to 5 years)", "neighbourhood_id": 2550.0, "neighbourhood_name": "MONTROSE" }, "geometry": { "type": "Point", "coordinates": [ -113.433043, 53.572484 ] } },
{ "type": "Feature", "properties": { "id": 3601.0, "name": "Monsignor Walter Fitzgerald Park Playground", "address": "7120 180 Street NW", "type": "Playground", "surface_type": "Pour In Place Rubber, Sand", "accessibility": "Wheelchair Accessible", "user_category": "Junior/Senior (18 months to 12 years)", "neighbourhood_id": 4270.0, "neighbourhood_name": "LYMBURN" }, "geometry": { "type": "Point", "coordinates": [ -113.634992, 53.505475 ] } },
{ "type": "Feature", "properties": { "id": 3602.0, "name": "Magrath Heights", "address": "MaGrath Rd. & MaGrath BLVD.", "type": "Playground", "surface_type": "Sand", "accessibility": "Unknown", "user_category": "Junior/Senior (18 months to 12 years)", "neighbourhood_id": 5476.0, "neighbourhood_name": "MAGRATH HEIGHTS" }, "geometry": { "type": "Point", "coordinates": [ -113.559559, 53.449457 ] } },
{ "type": "Feature", "properties": { "id": 3603.0, "name": "Glastonbury Park Playground", "address": "1101 Grantham Drive NW", "type": "Playground", "surface_type": "Pour In Place Rubber, Sand", "accessibility": "Wheelchair Accessible", "user_category": "Junior/Senior (18 months to 12 years)", "neighbourhood_id": 4720.0, "neighbourhood_name": "GLASTONBURY" }, "geometry": { "type": "Point", "coordinates": [ -113.672504, 53.505536 ] } },
{ "type": "Feature", "properties": { "id": 3604.0, "name": "Carlton Park Playground", "address": "15923 139 St NW", "type": "Playground", "surface_type": "Engineered Wood Fibre, Pour In Place Rubber, Sand", "accessibility": "Wheelchair Accessible", "user_category": "Junior/Senior (18 months to 12 years)", "neighbourhood_id": 3470.0, "neighbourhood_name": "CARLTON" }, "geometry": { "type": "Point", "coordinates": [ -113.559637, 53.620009 ] } },
{ "type": "Feature", "properties": { "id": 3605.0, "name": "Hodgson", "address": "503 Hodgson Road  NW", "type": "Playground", "surface_type": "Engineered Wood Fibre", "accessibility": "Wheelchair Accessible", "user_category": "Junior/Senior (18 months to 12 years)", "neighbourhood_id": 5620.0, "neighbourhood_name": "HODGSON" }, "geometry": { "type": "Point", "coordinates": [ -113.558743, 53.458528 ] } },
{ "type": "Feature", "properties": { "id": 3606.0, "name": "Suder Greens Park Playground", "address": "290 - SUDER GREENS DRIVE NW", "type": "Playground", "surface_type": "Engineered Wood Fibre", "accessibility": "Wheelchair Accessible", "user_category": "Junior/Senior (18 months to 12 years)", "neighbourhood_id": 4730.0, "neighbourhood_name": "SUDER GREENS" }, "geometry": { "type": "Point", "coordinates": [ -113.684603, 53.521008 ] } },
{ "type": "Feature", "properties": { "id": 3607.0, "name": "Terwillegar School (Esther Starkman)", "address": "2717 Terwillegar Way", "type": "Playground", "surface_type": "Engineered Wood Fibre", "accessibility": "Wheelchair Accessible", "user_category": "Junior/Senior (18 months to 12 years)", "neighbourhood_id": 5640.0, "neighbourhood_name": "TERWILLEGAR TOWNE" }, "geometry": { "type": "Point", "coordinates": [ -113.575393, 53.446605 ] } },
{ "type": "Feature", "properties": { "id": 3610.0, "name": "Michael Strembitsky", "address": "4110 - SAVARYN DRIVE SW", "type": "Playground", "surface_type": "Pour In Place Rubber, Sand", "accessibility": "Wheelchair Accessible", "user_category": "Junior (18 months to 5 years)", "neighbourhood_id": 6213.0, "neighbourhood_name": "SUMMERSIDE" }, "geometry": { "type": "Point", "coordinates": [ -113.462387, 53.413751 ] } },
{ "type": "Feature", "properties": { "id": 3620.0, "name": "Chappelle Park", "address": "5190 - Chappelle Road SW", "type": "Playground", "surface_type": "Engineered Wood Fibre", "accessibility": "Wheelchair Accessible", "user_category": "Junior/Senior (18 months to 12 years)", "neighbourhood_id": 5471.0, "neighbourhood_name": "CHAPPELLE" }, "geometry": { "type": "Point", "coordinates": [ -113.571866, 53.399332 ] } },
{ "type": "Feature", "properties": { "id": 3621.0, "name": "Chappelle Rope Climber", "address": "484 - Chappelle Drive SW", "type": "Playground", "surface_type": "Engineered Wood Fibre", "accessibility": "Wheelchair Accessible", "user_category": "Junior/Senior (18 months to 12 years)", "neighbourhood_id": 5471.0, "neighbourhood_name": "CHAPPELLE" }, "geometry": { "type": "Point", "coordinates": [ -113.570012, 53.403971 ] } },
{ "type": "Feature", "properties": { "id": 3630.0, "name": "Brintnell Park", "address": "210 Brintnell Boulevard NW", "type": "Playground", "surface_type": "Pour In Place Rubber, Sand", "accessibility": "Unknown", "user_category": "Junior (18 months to 5 years)", "neighbourhood_id": 2110.0, "neighbourhood_name": "BRINTNELL" }, "geometry": { "type": "Point", "coordinates": [ -113.40795, 53.619293 ] } },
{ "type": "Feature", "properties": { "id": 3631.0, "name": "Secord Corner Park Playground", "address": "9550 - 217 STREET NW", "type": "Playground", "surface_type": "Engineered Wood Fibre", "accessibility": "Wheelchair Accessible", "user_category": "Junior/Senior (18 months to 12 years)", "neighbourhood_id": 4487.0, "neighbourhood_name": "SECORD" }, "geometry": { "type": "Point", "coordinates": [ -113.691729, 53.533493 ] } },
{ "type": "Feature", "properties": { "id": 3632.0, "name": "Eaux Claires Park", "address": "16003 - 95 St", "type": "Playground", "surface_type": "Pour In Place Rubber", "accessibility": "Wheelchair Accessible", "user_category": "Junior (18 months to 5 years)", "neighbourhood_id": 2241.0, "neighbourhood_name": "EAUX CLAIRES" }, "geometry": { "type": "Point", "coordinates": [ -113.486029, 53.621691 ] } },
{ "type": "Feature", "properties": { "id": 3633.0, "name": "Hollick Kenyon Park", "address": "Hollick Kenyon Rd & 162 Ave", "type": "Playground", "surface_type": "Pour In Place Rubber", "accessibility": "Wheelchair Accessible", "user_category": "Junior/Senior (18 months to 12 years)", "neighbourhood_id": 2340.0, "neighbourhood_name": "HOLLICK-KENYON" }, "geometry": { "type": "Point", "coordinates": [ -113.42013, 53.621369 ] } },
{ "type": "Feature", "properties": { "id": 3634.0, "name": "Mill Woods Park", "address": "2730 - 66 STREET NW", "type": "Playground", "surface_type": "Engineered Wood Fibre, Pour In Place Rubber, Sand", "accessibility": "Wheelchair Accessible", "user_category": "Junior/Senior (18 months to 12 years)", "neighbourhood_id": 6510.0, "neighbourhood_name": "MILL WOODS PARK" }, "geometry": { "type": "Point", "coordinates": [ -113.436064, 53.455282 ] } },
{ "type": "Feature", "properties": { "id": 3635.0, "name": "Orchards", "address": "90 St & 23 Ave SW", "type": "Playground", "surface_type": "Engineered Wood Fibre", "accessibility": "Wheelchair Accessible", "user_category": "Junior (18 months to 5 years)", "neighbourhood_id": 6213.0, "neighbourhood_name": "SUMMERSIDE" }, "geometry": { "type": "Point", "coordinates": [ -113.471852, 53.411767 ] } },
{ "type": "Feature", "properties": { "id": 3636.0, "name": "Blair McPherson", "address": "Tamarack Rd & 34A Ave", "type": "Playground", "surface_type": "Engineered Wood Fibre, Pour In Place Rubber", "accessibility": "Wheelchair Accessible", "user_category": "Senior (6 to 12 years)", "neighbourhood_id": 6443.0, "neighbourhood_name": "TAMARACK" }, "geometry": { "type": "Point", "coordinates": [ -113.362383, 53.468879 ] } },
{ "type": "Feature", "properties": { "id": 3637.0, "name": "Charlesworth", "address": "5805 - 3 Ave SW", "type": "Playground", "surface_type": "Engineered Wood Fibre", "accessibility": "Wheelchair Accessible", "user_category": "Junior (18 months to 5 years)", "neighbourhood_id": 6661.0, "neighbourhood_name": "CHARLESWORTH" }, "geometry": { "type": "Point", "coordinates": [ -113.431621, 53.429628 ] } },
{ "type": "Feature", "properties": { "id": 3638.0, "name": "Kinsmen Park Junior", "address": "9100 Walterdale Hill NW", "type": "Playground", "surface_type": "Engineered Wood Fibre, Pour In Place Rubber", "accessibility": "Wheelchair Accessible", "user_category": "Junior/Senior (18 months to 12 years)", "neighbourhood_id": 5390.0, "neighbourhood_name": "RIVER VALLEY WALTERDALE" }, "geometry": { "type": "Point", "coordinates": [ -113.508905, 53.526584 ] } },
{ "type": "Feature", "properties": { "id": 3639.0, "name": "Chappelle Garden Community", "address": "Chappelle Blvd - Chappelle Link", "type": "Playground", "surface_type": "Engineered Wood Fibre", "accessibility": "Wheelchair Accessible", "user_category": "Junior/Senior (18 months to 12 years)", "neighbourhood_id": 5471.0, "neighbourhood_name": "CHAPPELLE" }, "geometry": { "type": "Point", "coordinates": [ -113.572975, 53.406379 ] } },
{ "type": "Feature", "properties": { "id": 3640.0, "name": "Griesbach Rock Garden Playground", "address": "2630 Sir Arthur Currie Way", "type": "Playground", "surface_type": "Engineered Wood Fibre", "accessibility": "Wheelchair Accessible", "user_category": "Senior (6 to 12 years)", "neighbourhood_id": 3111.0, "neighbourhood_name": "GRIESBACH" }, "geometry": { "type": "Point", "coordinates": [ -113.500239, 53.606798 ] } },
{ "type": "Feature", "properties": { "id": 3641.0, "name": "Secord Rock Garden Playground", "address": "95 Ave & Secord Landing", "type": "Playground", "surface_type": "Engineered Wood Fibre", "accessibility": "Wheelchair Accessible", "user_category": "Senior (6 to 12 years)", "neighbourhood_id": 4487.0, "neighbourhood_name": "SECORD" }, "geometry": { "type": "Point", "coordinates": [ -113.70567, 53.532386 ] } },
{ "type": "Feature", "properties": { "id": 3642.0, "name": "Starling Playground", "address": "1718 Tanager Close", "type": "Playground", "surface_type": "Engineered Wood Fibre", "accessibility": "Wheelchair Accessible", "user_category": "Junior/Senior (18 months to 12 years)", "neighbourhood_id": 4474.0, "neighbourhood_name": "STARLING" }, "geometry": { "type": "Point", "coordinates": [ -113.655271, 53.593623 ] } },
{ "type": "Feature", "properties": { "id": 3643.0, "name": "Granville Goodridge Playground", "address": "3440 Goodridge Link", "type": "Playground", "surface_type": "Engineered Wood Fibre", "accessibility": "Wheelchair Accessible", "user_category": "Junior/Senior (18 months to 12 years)", "neighbourhood_id": 4551.0, "neighbourhood_name": "GRANVILLE" }, "geometry": { "type": "Point", "coordinates": [ -113.679186, 53.507368 ] } },
{ "type": "Feature", "properties": { "id": 3644.0, "name": "Granville Getty Playground", "address": "7630 Getty Link", "type": "Playground", "surface_type": "Engineered Wood Fibre", "accessibility": "Wheelchair Accessible", "user_category": "Junior/Senior (18 months to 12 years)", "neighbourhood_id": 4551.0, "neighbourhood_name": "GRANVILLE" }, "geometry": { "type": "Point", "coordinates": [ -113.679121, 53.498797 ] } },
{ "type": "Feature", "properties": { "id": 3645.0, "name": "Cameron Heights Community Playground", "address": "3250 Cameron Heights Way NW", "type": "Playground", "surface_type": "Pour In Place Rubber", "accessibility": "Wheelchair Accessible", "user_category": "Junior/Senior (18 months to 12 years)", "neighbourhood_id": 4466.0, "neighbourhood_name": "CAMERON HEIGHTS" }, "geometry": { "type": "Point", "coordinates": [ -113.636286, 53.473199 ] } },
{ "type": "Feature", "properties": { "id": 3652.0, "name": "Ecole Sainte-Jeanne-d'Arc Exercise Area", "address": "8505 68A Street NW", "type": "Playground", "surface_type": "Engineered Wood Fibre", "accessibility": "Unknown", "user_category": "Senior (6 to 12 years)", "neighbourhood_id": 6350.0, "neighbourhood_name": "KENILWORTH" }, "geometry": { "type": "Point", "coordinates": [ -113.430773, 53.52002 ] } },
{ "type": "Feature", "properties": { "id": 3654.0, "name": "Rosenthal Playground", "address": "1070 Rosenthal Blvd NW", "type": "Playground", "surface_type": "Engineered Wood Fibre", "accessibility": "Wheelchair Accessible", "user_category": "Junior/Senior (18 months to 12 years)", "neighbourhood_id": 4750.0, "neighbourhood_name": "ROSENTHAL" }, "geometry": { "type": "Point", "coordinates": [ -113.699218, 53.517283 ] } },
{ "type": "Feature", "properties": { "id": 3655.0, "name": "Summerside 58", "address": "21A Avenue SW and 69 Street SW", "type": "Playground", "surface_type": "Engineered Wood Fibre", "accessibility": "Wheelchair Accessible", "user_category": "Junior (18 months to 5 years)", "neighbourhood_id": 6213.0, "neighbourhood_name": "SUMMERSIDE" }, "geometry": { "type": "Point", "coordinates": [ -113.446388, 53.412865 ] } },
{ "type": "Feature", "properties": { "id": 3657.0, "name": "Strathearn Park", "address": "87 Street NW and 93 Avenue NW", "type": "Playground", "surface_type": "Engineered Wood Fibre", "accessibility": "Wheelchair Accessible", "user_category": "Senior (6 to 12 years)", "neighbourhood_id": 6710.0, "neighbourhood_name": "STRATHEARN" }, "geometry": { "type": "Point", "coordinates": [ -113.461217, 53.529527 ] } },
{ "type": "Feature", "properties": { "id": 3658.0, "name": "Windermere/Langdale", "address": "176 Street SW & 7A Avenue SW", "type": "Playground", "surface_type": "Engineered Wood Fibre", "accessibility": "Wheelchair Accessible", "user_category": "Junior/Senior (18 months to 12 years)", "neighbourhood_id": 5570.0, "neighbourhood_name": "WINDERMERE" }, "geometry": { "type": "Point", "coordinates": [ -113.622416, 53.427324 ] } },
{ "type": "Feature", "properties": { "id": 3659.0, "name": "Windermere Tot", "address": "4720 Woolsey Common", "type": "Playground", "surface_type": "Engineered Wood Fibre", "accessibility": "Wheelchair Accessible", "user_category": "Junior (18 months to 5 years)", "neighbourhood_id": 5570.0, "neighbourhood_name": "WINDERMERE" }, "geometry": { "type": "Point", "coordinates": [ -113.611288, 53.447511 ] } },
{ "type": "Feature", "properties": { "id": 3660.0, "name": "Windermere Ridge Park", "address": "107 Windermere Dr", "type": "Playground", "surface_type": "Engineered Wood Fibre", "accessibility": "Wheelchair Accessible", "user_category": "Junior/Senior (18 months to 12 years)", "neighbourhood_id": 5570.0, "neighbourhood_name": "WINDERMERE" }, "geometry": { "type": "Point", "coordinates": [ -113.629773, 53.440593 ] } },
{ "type": "Feature", "properties": { "id": 3661.0, "name": "Keswick Playground", "address": "3641 Keswick Blvd SW", "type": "Playground", "surface_type": "Engineered Wood Fibre", "accessibility": "Wheelchair Accessible", "user_category": "Junior/Senior (18 months to 12 years)", "neighbourhood_id": 5574.0, "neighbourhood_name": "KESWICK" }, "geometry": { "type": "Point", "coordinates": [ -113.641403, 53.419564 ] } },
{ "type": "Feature", "properties": { "id": 3662.0, "name": "Hays Ridge Playground", "address": "1306 Hainstock Way SW", "type": "Playground", "surface_type": "Engineered Wood Fibre", "accessibility": "Wheelchair Accessible", "user_category": "Junior/Senior (18 months to 12 years)", "neighbourhood_id": 5465.0, "neighbourhood_name": "HAYS RIDGE AREA" }, "geometry": { "type": "Point", "coordinates": [ -113.571788, 53.416129 ] } },
{ "type": "Feature", "properties": { "id": 3663.0, "name": "Paisley Park", "address": "3051 Paisley Green SW", "type": "Playground", "surface_type": "Pour In Place Rubber", "accessibility": "Wheelchair Accessible", "user_category": "Junior/Senior (18 months to 12 years)", "neighbourhood_id": 5469.0, "neighbourhood_name": "PAISLEY" }, "geometry": { "type": "Point", "coordinates": [ -113.559586, 53.414549 ] } },
{ "type": "Feature", "properties": { "id": 3664.0, "name": "South Terwillegar Park", "address": "7170 South Terwillegar Dr", "type": "Playground", "surface_type": "Pour In Place Rubber, Sand", "accessibility": "Wheelchair Accessible", "user_category": "Junior/Senior (18 months to 12 years)", "neighbourhood_id": 5642.0, "neighbourhood_name": "SOUTH TERWILLEGAR" }, "geometry": { "type": "Point", "coordinates": [ -113.580094, 53.439783 ] } },
{ "type": "Feature", "properties": { "id": 3665.0, "name": "Rutherford Park (Fee Otterson School)", "address": "1834 Rutherford Rd", "type": "Playground", "surface_type": "Pour In Place Rubber", "accessibility": "Wheelchair Accessible", "user_category": "Junior/Senior (18 months to 12 years)", "neighbourhood_id": 5454.0, "neighbourhood_name": "RUTHERFORD" }, "geometry": { "type": "Point", "coordinates": [ -113.520877, 53.417258 ] } },
{ "type": "Feature", "properties": { "id": 3668.0, "name": "Sister Annata Brockman Playground", "address": "365 Hemingway Rd NW", "type": "Playground", "surface_type": "Pour In Place Rubber, Sand", "accessibility": "Wheelchair Accessible", "user_category": "Junior/Senior (18 months to 12 years)", "neighbourhood_id": 4461.0, "neighbourhood_name": "THE HAMPTONS" }, "geometry": { "type": "Point", "coordinates": [ -113.683483, 53.490062 ] } },
{ "type": "Feature", "properties": { "id": 3669.0, "name": "Rapperswill Playground", "address": "175 Ave & 121 St", "type": "Playground", "surface_type": "Engineered Wood Fibre", "accessibility": "Wheelchair Accessible", "user_category": "Junior/Senior (18 months to 12 years)", "neighbourhood_id": 3370.0, "neighbourhood_name": "RAPPERSWILL" }, "geometry": { "type": "Point", "coordinates": [ -113.532827, 53.637801 ] } },
{ "type": "Feature", "properties": { "id": 3671.0, "name": "Laurel 8", "address": "1410 32 Street NW", "type": "Playground", "surface_type": "Engineered Wood Fibre", "accessibility": "Wheelchair Accessible", "user_category": "Junior (18 months to 5 years)", "neighbourhood_id": 6444.0, "neighbourhood_name": "LAUREL" }, "geometry": { "type": "Point", "coordinates": [ -113.388136, 53.441366 ] } },
{ "type": "Feature", "properties": { "id": 3675.0, "name": "Bessie Nichols School Playground", "address": "189 Hemingway Road NW", "type": "Playground", "surface_type": "Pour In Place Rubber", "accessibility": "Wheelchair Accessible", "user_category": "Junior/Senior (18 months to 12 years)", "neighbourhood_id": 4461.0, "neighbourhood_name": "THE HAMPTONS" }, "geometry": { "type": "Point", "coordinates": [ -113.672042, 53.486601 ] } },
{ "type": "Feature", "properties": { "id": 3676.0, "name": "Walker Park", "address": "1438 Watt Drive", "type": "Playground", "surface_type": "Pour In Place Rubber", "accessibility": "Wheelchair Accessible", "user_category": "Unknown", "neighbourhood_id": 6662.0, "neighbourhood_name": "WALKER" }, "geometry": { "type": "Point", "coordinates": [ -113.436734, 53.414277 ] } },
{ "type": "Feature", "properties": { "id": 3678.0, "name": "Cy Becker Urban Village Park", "address": "270 Cy Becker Boulevard NW", "type": "Playground", "surface_type": "Pour In Place Rubber", "accessibility": "Wheelchair Accessible", "user_category": "Junior/Senior (18 months to 12 years)", "neighbourhood_id": 2611.0, "neighbourhood_name": "CY BECKER" }, "geometry": { "type": "Point", "coordinates": [ -113.407785, 53.634076 ] } },
{ "type": "Feature", "properties": { "id": 3679.0, "name": "Svend Hansen School Playground", "address": "24 Street NW & 16 Avenue NW", "type": "Playground", "surface_type": "Engineered Wood Fibre", "accessibility": "Wheelchair Accessible", "user_category": "Senior (6 to 12 years)", "neighbourhood_id": 6444.0, "neighbourhood_name": "LAUREL" }, "geometry": { "type": "Point", "coordinates": [ -113.372494, 53.44595 ] } },
{ "type": "Feature", "properties": { "id": 3680.0, "name": "Crystallina Nera West Playground", "address": "451 Crystallina Nera Drive NW", "type": "Playground", "surface_type": "Sand", "accessibility": "Unknown", "user_category": "Junior/Senior (18 months to 12 years)", "neighbourhood_id": 2463.0, "neighbourhood_name": "CRYSTALLINA NERA WEST" }, "geometry": { "type": "Point", "coordinates": [ -113.461796, 53.636325 ] } },
{ "type": "Feature", "properties": { "id": 3681.0, "name": "Major General Griesbach School Playground", "address": "Griesbach Road NW & Sir Arthur Currie Way NW", "type": "Playground", "surface_type": "Engineered Wood Fibre, Pour In Place Rubber, Sand", "accessibility": "Wheelchair Accessible", "user_category": "Junior/Senior (18 months to 12 years)", "neighbourhood_id": 3111.0, "neighbourhood_name": "GRIESBACH" }, "geometry": { "type": "Point", "coordinates": [ -113.498591, 53.607616 ] } },
{ "type": "Feature", "properties": { "id": 3682.0, "name": "Webber Greens Park Playground", "address": "855 Lewis Greens Drive NW", "type": "Playground", "surface_type": "Engineered Wood Fibre", "accessibility": "Wheelchair Accessible", "user_category": "Junior/Senior (18 months to 12 years)", "neighbourhood_id": 4740.0, "neighbourhood_name": "WEBBER GREENS" }, "geometry": { "type": "Point", "coordinates": [ -113.680011, 53.529006 ] } },
{ "type": "Feature", "properties": { "id": 3685.0, "name": "Poplar Park", "address": "16410 82 Street NW", "type": "Playground", "surface_type": "Sand", "accessibility": "Unknown", "user_category": "Unknown", "neighbourhood_id": 2050.0, "neighbourhood_name": "BELLE RIVE" }, "geometry": { "type": "Point", "coordinates": [ -113.473372, 53.626327 ] } },
{ "type": "Feature", "properties": { "id": 3687.0, "name": "Hills at Charlesworth", "address": "345 Charlesworth Drive SW", "type": "Playground", "surface_type": "Engineered Wood Fibre", "accessibility": "Wheelchair Accessible", "user_category": "Junior/Senior (18 months to 12 years)", "neighbourhood_id": 6661.0, "neighbourhood_name": "CHARLESWORTH" }, "geometry": { "type": "Point", "coordinates": [ -113.399104, 53.427002 ] } },
{ "type": "Feature", "properties": { "id": 3688.0, "name": "McConachie Park", "address": "1221 McConachie Boulevard NW", "type": "Playground", "surface_type": "Engineered Wood Fibre", "accessibility": "Wheelchair Accessible", "user_category": "Junior/Senior (18 months to 12 years)", "neighbourhood_id": 2522.0, "neighbourhood_name": "MCCONACHIE" }, "geometry": { "type": "Point", "coordinates": [ -113.428416, 53.640109 ] } },
{ "type": "Feature", "properties": { "id": 3689.0, "name": "Schonsee", "address": "5470 Schonsee Drive NW", "type": "Playground", "surface_type": "Pour In Place Rubber", "accessibility": "Wheelchair Accessible", "user_category": "Junior/Senior (18 months to 12 years)", "neighbourhood_id": 2700.0, "neighbourhood_name": "SCHONSEE" }, "geometry": { "type": "Point", "coordinates": [ -113.459278, 53.633097 ] } },
{ "type": "Feature", "properties": { "id": 3690.0, "name": "Maple 5", "address": "2770 Maple Way NW", "type": "Playground", "surface_type": "Engineered Wood Fibre", "accessibility": "Wheelchair Accessible", "user_category": "Junior (18 months to 5 years)", "neighbourhood_id": 6441.0, "neighbourhood_name": "MAPLE" }, "geometry": { "type": "Point", "coordinates": [ -113.351153, 53.480626 ] } },
{ "type": "Feature", "properties": { "id": 3691.0, "name": "Laurel 10", "address": "20 Avenue - 24 Street NW", "type": "Playground", "surface_type": "Engineered Wood Fibre", "accessibility": "Wheelchair Accessible", "user_category": "Junior/Senior (18 months to 12 years)", "neighbourhood_id": 6444.0, "neighbourhood_name": "LAUREL" }, "geometry": { "type": "Point", "coordinates": [ -113.376557, 53.450924 ] } },
{ "type": "Feature", "properties": { "id": 3695.0, "name": "Tamarack Common Playground", "address": "1615 - TAMARACK BOULEVARD NW", "type": "Playground", "surface_type": "Engineered Wood Fibre", "accessibility": "Wheelchair Accessible", "user_category": "Junior/Senior (18 months to 12 years)", "neighbourhood_id": 6443.0, "neighbourhood_name": "TAMARACK" }, "geometry": { "type": "Point", "coordinates": [ -113.362838, 53.458945 ] } },
{ "type": "Feature", "properties": { "id": 3696.0, "name": "Glenridding", "address": "2321 Glenridding Boulevard SW", "type": "Playground", "surface_type": "Engineered Wood Fibre", "accessibility": "Unknown", "user_category": "Junior/Senior (18 months to 12 years)", "neighbourhood_id": 5578.0, "neighbourhood_name": "GLENRIDDING HEIGHTS" }, "geometry": { "type": "Point", "coordinates": [ -113.602826, 53.420659 ] } },
{ "type": "Feature", "properties": { "id": 3699.0, "name": "Cy Becker Tot Lot", "address": "3910 168A Avenue NW", "type": "Playground", "surface_type": "Engineered Wood Fibre", "accessibility": "Wheelchair Accessible", "user_category": "Junior/Senior (18 months to 12 years)", "neighbourhood_id": 2611.0, "neighbourhood_name": "CY BECKER" }, "geometry": { "type": "Point", "coordinates": [ -113.401094, 53.62914 ] } },
{ "type": "Feature", "properties": { "id": 37.0, "name": "Montrose School", "address": "11931 62 Street NW", "type": "Playground", "surface_type": "Sand", "accessibility": "Unknown", "user_category": "Junior/Senior (18 months to 12 years)", "neighbourhood_id": 2550.0, "neighbourhood_name": "MONTROSE" }, "geometry": { "type": "Point", "coordinates": [ -113.43554, 53.572403 ] } },
{ "type": "Feature", "properties": { "id": 3700.0, "name": "Allard Playground", "address": "Allard Boulevard SW & Annett Com SW", "type": "Playground", "surface_type": "Sand", "accessibility": "Unknown", "user_category": "Junior/Senior (18 months to 12 years)", "neighbourhood_id": 5458.0, "neighbourhood_name": "ALLARD" }, "geometry": { "type": "Point", "coordinates": [ -113.534269, 53.399929 ] } },
{ "type": "Feature", "properties": { "id": 3702.0, "name": "James McCrie Park", "address": "315 Windermere Road NW", "type": "Playground", "surface_type": "Engineered Wood Fibre, Pour In Place Rubber", "accessibility": "Wheelchair Accessible", "user_category": "Junior/Senior (18 months to 12 years)", "neighbourhood_id": 5570.0, "neighbourhood_name": "WINDERMERE" }, "geometry": { "type": "Point", "coordinates": [ -113.614247, 53.440595 ] } },
{ "type": "Feature", "properties": { "id": 3703.0, "name": "Nellie Carlson School Playground", "address": "4132 Mactaggart Drive NW", "type": "Playground", "surface_type": "Engineered Wood Fibre", "accessibility": "Unknown", "user_category": "Junior/Senior (18 months to 12 years)", "neighbourhood_id": 5477.0, "neighbourhood_name": "MACTAGGART" }, "geometry": { "type": "Point", "coordinates": [ -113.557972, 53.443013 ] } },
{ "type": "Feature", "properties": { "id": 3707.0, "name": "Homesteader Park", "address": "4330 126 Avenue NW", "type": "Playground", "surface_type": "Engineered Wood Fibre", "accessibility": "Wheelchair Accessible", "user_category": "Junior (18 months to 5 years)", "neighbourhood_id": 2350.0, "neighbourhood_name": "HOMESTEADER" }, "geometry": { "type": "Point", "coordinates": [ -113.40781, 53.583319 ] } },
{ "type": "Feature", "properties": { "id": 3718.0, "name": "Dr. Margaret-Ann Armour Playground", "address": "3815 Allan Drive SW", "type": "Playground", "surface_type": "Engineered Wood Fibre, Pour In Place Rubber, Sand", "accessibility": "Unknown", "user_category": "Junior/Senior (18 months to 12 years)", "neighbourhood_id": 5505.0, "neighbourhood_name": "AMBLESIDE" }, "geometry": { "type": "Point", "coordinates": [ -113.603238, 53.427022 ] } },
{ "type": "Feature", "properties": { "id": 3723.0, "name": "Ebbers Playground", "address": "109 Ebbers Boulevard NW", "type": "Playground", "surface_type": "Engineered Wood Fibre", "accessibility": "Wheelchair Accessible", "user_category": "Junior/Senior (18 months to 12 years)", "neighbourhood_id": 2251.0, "neighbourhood_name": "EBBERS" }, "geometry": { "type": "Point", "coordinates": [ -113.403658, 53.608491 ] } },
{ "type": "Feature", "properties": { "id": 3724.0, "name": "Beaver Lodge (Edmonton Valley Zoo)", "address": "13221 Buena Vista Road NW", "type": "Playground", "surface_type": "Pour In Place Rubber", "accessibility": "Wheelchair Accessible", "user_category": "Senior (6 to 12 years)", "neighbourhood_id": 3382.0, "neighbourhood_name": "RIVER VALLEY LAURIER" }, "geometry": { "type": "Point", "coordinates": [ -113.557318, 53.510504 ] } },
{ "type": "Feature", "properties": { "id": 3725.0, "name": "Red Panda Parallel Play (Edmonton Valley Zoo)", "address": "13221 Buena Vista Road NW", "type": "Playground", "surface_type": "Pour In Place Rubber", "accessibility": "Wheelchair Accessible", "user_category": "Junior/Senior (18 months to 12 years)", "neighbourhood_id": 3382.0, "neighbourhood_name": "RIVER VALLEY LAURIER" }, "geometry": { "type": "Point", "coordinates": [ -113.554011, 53.512618 ] } },
{ "type": "Feature", "properties": { "id": 3727.0, "name": "Riverview Playground", "address": "197 Street and 27 Avenue NW", "type": "Playground", "surface_type": "Engineered Wood Fibre", "accessibility": "Wheelchair Accessible", "user_category": "Junior/Senior (18 months to 12 years)", "neighbourhood_id": 4464.0, "neighbourhood_name": "THE UPLANDS" }, "geometry": { "type": "Point", "coordinates": [ -113.659726, 53.458927 ] } },
{ "type": "Feature", "properties": { "id": 3728.0, "name": "David Thomas King School Playground", "address": "600 Secord Boulevard NW", "type": "Playground", "surface_type": "Engineered Wood Fibre, Sand", "accessibility": "Wheelchair Accessible", "user_category": "Junior/Senior (18 months to 12 years)", "neighbourhood_id": 4487.0, "neighbourhood_name": "SECORD" }, "geometry": { "type": "Point", "coordinates": [ -113.707009, 53.535839 ] } },
{ "type": "Feature", "properties": { "id": 3729.0, "name": "Glenridding Ravine Stage 5", "address": "16725 31 Avenue SW", "type": "Playground", "surface_type": "Engineered Wood Fibre, Pour In Place Rubber", "accessibility": "Wheelchair Accessible", "user_category": "Junior/Senior (18 months to 12 years)", "neighbourhood_id": 5579.0, "neighbourhood_name": "GLENRIDDING RAVINE" }, "geometry": { "type": "Point", "coordinates": [ -113.611755, 53.406955 ] } },
{ "type": "Feature", "properties": { "id": 3730.0, "name": "Cavanagh - Stage 9 MR", "address": "2077 Cavanagh Drive SW", "type": "Playground", "surface_type": "Engineered Wood Fibre", "accessibility": "Unknown", "user_category": "Junior/Senior (18 months to 12 years)", "neighbourhood_id": 5467.0, "neighbourhood_name": "CAVANAGH" }, "geometry": { "type": "Point", "coordinates": [ -113.510915, 53.406811 ] } },
{ "type": "Feature", "properties": { "id": 3731.0, "name": "Laurel Special Playground", "address": "1732 25 Street NW", "type": "Playground", "surface_type": "Engineered Wood Fibre", "accessibility": "Wheelchair Accessible", "user_category": "Senior (6 to 12 years)", "neighbourhood_id": 6444.0, "neighbourhood_name": "LAUREL" }, "geometry": { "type": "Point", "coordinates": [ -113.377488, 53.447939 ] } },
{ "type": "Feature", "properties": { "id": 3734.0, "name": "Trumpeter Playground", "address": "2215 Trumpeter Way NW", "type": "Playground", "surface_type": "Engineered Wood Fibre", "accessibility": "Wheelchair Accessible", "user_category": "Junior/Senior (18 months to 12 years)", "neighbourhood_id": 4471.0, "neighbourhood_name": "TRUMPETER AREA" }, "geometry": { "type": "Point", "coordinates": [ -113.679776, 53.588773 ] } },
{ "type": "Feature", "properties": { "id": 3735.0, "name": "Callaghan Park Playground", "address": "1385 Cunningham Drive SW", "type": "Playground", "surface_type": "Pour In Place Rubber", "accessibility": "Wheelchair Accessible", "user_category": "Junior/Senior (18 months to 12 years)", "neighbourhood_id": 5457.0, "neighbourhood_name": "CALLAGHAN" }, "geometry": { "type": "Point", "coordinates": [ -113.528363, 53.406066 ] } },
{ "type": "Feature", "properties": { "id": 3736.0, "name": "Kim Hung School Playground", "address": "1950 Glastonbury Blvd NW", "type": "Playground", "surface_type": "Engineered Wood Fibre", "accessibility": "Wheelchair Accessible", "user_category": "Junior/Senior (18 months to 12 years)", "neighbourhood_id": 4551.0, "neighbourhood_name": "GRANVILLE" }, "geometry": { "type": "Point", "coordinates": [ -113.682931, 53.50159 ] } },
{ "type": "Feature", "properties": { "id": 3761.0, "name": "Corpus Christi School Playground", "address": "460 Watt Boulevard SW", "type": "Playground", "surface_type": "Engineered Wood Fibre, Pour In Place Rubber", "accessibility": "Wheelchair Accessible", "user_category": "Senior (6 to 12 years)", "neighbourhood_id": 6662.0, "neighbourhood_name": "WALKER" }, "geometry": { "type": "Point", "coordinates": [ -113.431523, 53.42074 ] } },
{ "type": "Feature", "properties": { "id": 3762.0, "name": "Clareview Jumpstart Playground", "address": "3804 139 Avenue NW", "type": "Playground", "surface_type": "Pour In Place Rubber", "accessibility": "Wheelchair Accessible", "user_category": "Inclusive", "neighbourhood_id": 2145.0, "neighbourhood_name": "CLAREVIEW TOWN CENTRE" }, "geometry": { "type": "Point", "coordinates": [ -113.404452, 53.603242 ] } },
{ "type": "Feature", "properties": { "id": 3763.0, "name": "Woodhaven Edgemont Playground", "address": "1405 Enright Landing NW", "type": "Playground", "surface_type": "Engineered Wood Fibre, Pour In Place Rubber", "accessibility": "Wheelchair Accessible", "user_category": "Junior/Senior (18 months to 12 years)", "neighbourhood_id": 4462.0, "neighbourhood_name": "EDGEMONT" }, "geometry": { "type": "Point", "coordinates": [ -113.669417, 53.465155 ] } },
{ "type": "Feature", "properties": { "id": 3765.0, "name": "Butler Memorial Park Playground", "address": "15715 Stony Plain Road NW", "type": "Playground", "surface_type": "Engineered Wood Fibre", "accessibility": "Wheelchair Accessible", "user_category": "Senior (6 to 12 years)", "neighbourhood_id": 4180.0, "neighbourhood_name": "GLENWOOD" }, "geometry": { "type": "Point", "coordinates": [ -113.592661, 53.540873 ] } },
{ "type": "Feature", "properties": { "id": 3766.0, "name": "Dick Mather Park Playground", "address": "10425 99 Avenue NW", "type": "Playground", "surface_type": "Pour In Place Rubber", "accessibility": "Wheelchair Accessible", "user_category": "Senior (6 to 12 years)", "neighbourhood_id": 1090.0, "neighbourhood_name": "DOWNTOWN" }, "geometry": { "type": "Point", "coordinates": [ -113.500523, 53.536798 ] } },
{ "type": "Feature", "properties": { "id": 3768.0, "name": "Donald R. Getty School Playground", "address": "4085 Chappelle Green SW", "type": "Playground", "surface_type": "Engineered Wood Fibre", "accessibility": "Unknown", "user_category": "Junior/Senior (18 months to 12 years)", "neighbourhood_id": 5471.0, "neighbourhood_name": "CHAPPELLE" }, "geometry": { "type": "Point", "coordinates": [ -113.58594, 53.403601 ] } },
{ "type": "Feature", "properties": { "id": 3771.0, "name": "McConachie District Park Playground", "address": "180 McConachie Drive NW", "type": "Playground", "surface_type": "Engineered Wood Fibre", "accessibility": "Wheelchair Accessible", "user_category": "Senior (6 to 12 years)", "neighbourhood_id": 2522.0, "neighbourhood_name": "MCCONACHIE" }, "geometry": { "type": "Point", "coordinates": [ -113.422442, 53.632756 ] } },
{ "type": "Feature", "properties": { "id": 3772.0, "name": "McConachie Natural Playground", "address": "980 - McConachie Boulevard NW", "type": "Playground", "surface_type": "Engineered Wood Fibre", "accessibility": "Wheelchair Accessible", "user_category": "All Ages", "neighbourhood_id": 2522.0, "neighbourhood_name": "MCCONACHIE" }, "geometry": { "type": "Point", "coordinates": [ -113.435742, 53.633842 ] } },
{ "type": "Feature", "properties": { "id": 3773.0, "name": "Thomas Aquinas School Playground", "address": "420 Desrochers Boulevard SW", "type": "Playground", "surface_type": "Engineered Wood Fibre", "accessibility": "Wheelchair Accessible", "user_category": "Senior (6 to 12 years)", "neighbourhood_id": 5463.0, "neighbourhood_name": "DESROCHERS AREA" }, "geometry": { "type": "Point", "coordinates": [ -113.554722, 53.398628 ] } },
{ "type": "Feature", "properties": { "id": 3774.0, "name": "Arbours of Keswick Playground", "address": "1375 Keswick Drive SW", "type": "Playground", "surface_type": "Engineered Wood Fibre", "accessibility": "Wheelchair Accessible", "user_category": "Senior (6 to 12 years)", "neighbourhood_id": 5574.0, "neighbourhood_name": "KESWICK" }, "geometry": { "type": "Point", "coordinates": [ -113.630473, 53.412258 ] } },
{ "type": "Feature", "properties": { "id": 3775.0, "name": "Kinistinaw Park Rubber Play Area", "address": "10245 96 Street NW", "type": "Playground", "surface_type": "Pour In Place Rubber", "accessibility": "Wheelchair Accessible", "user_category": "All Ages", "neighbourhood_id": 1020.0, "neighbourhood_name": "BOYLE STREET" }, "geometry": { "type": "Point", "coordinates": [ -113.482968, 53.546472 ] } },
{ "type": "Feature", "properties": { "id": 3776.0, "name": "Charlesworth Stage 25", "address": "231 Charlesworth Drive SW", "type": "Playground", "surface_type": "Engineered Wood Fibre", "accessibility": "Wheelchair Accessible", "user_category": "Senior (6 to 12 years)", "neighbourhood_id": 6661.0, "neighbourhood_name": "CHARLESWORTH" }, "geometry": { "type": "Point", "coordinates": [ -113.398998, 53.428883 ] } },
{ "type": "Feature", "properties": { "id": 3777.0, "name": "Aster Stage 1 Playground", "address": "1615  15 Street NW", "type": "Playground", "surface_type": "Engineered Wood Fibre", "accessibility": "Wheelchair Accessible", "user_category": "Junior/Senior (18 months to 12 years)", "neighbourhood_id": 6445.0, "neighbourhood_name": "ASTER" }, "geometry": { "type": "Point", "coordinates": [ -113.364939, 53.451468 ] } },
{ "type": "Feature", "properties": { "id": 3780.0, "name": "Father Michael Mireau School", "address": "3010 Spence Wynd SW", "type": "Playground", "surface_type": "Engineered Wood Fibre, Pour In Place Rubber", "accessibility": "Wheelchair Accessible", "user_category": "Senior (6 to 12 years)", "neighbourhood_id": 6213.0, "neighbourhood_name": "SUMMERSIDE" }, "geometry": { "type": "Point", "coordinates": [ -113.465016, 53.420295 ] } },
{ "type": "Feature", "properties": { "id": 3781.0, "name": "Shauna May Seneca School", "address": "2130 Wonnacott Way SW", "type": "Playground", "surface_type": "Engineered Wood Fibre, Pour In Place Rubber", "accessibility": "Wheelchair Accessible", "user_category": "Junior/Senior (18 months to 12 years)", "neighbourhood_id": 6662.0, "neighbourhood_name": "WALKER" }, "geometry": { "type": "Point", "coordinates": [ -113.429106, 53.411664 ] } },
{ "type": "Feature", "properties": { "id": 3783.0, "name": "Divine Mercy School Playground", "address": "2720 Orchards Road SW", "type": "Playground", "surface_type": "Engineered Wood Fibre, Pour In Place Rubber", "accessibility": "Wheelchair Accessible", "user_category": "Junior/Senior (18 months to 12 years)", "neighbourhood_id": 6216.0, "neighbourhood_name": "THE ORCHARDS AT ELLERSLIE" }, "geometry": { "type": "Point", "coordinates": [ -113.453959, 53.405204 ] } },
{ "type": "Feature", "properties": { "id": 3784.0, "name": "Jan Reimer School Playground", "address": "360 Orchards Boulevard SW", "type": "Playground", "surface_type": "Engineered Wood Fibre, Pour In Place Rubber", "accessibility": "Wheelchair Accessible", "user_category": "Junior/Senior (18 months to 12 years)", "neighbourhood_id": 6216.0, "neighbourhood_name": "THE ORCHARDS AT ELLERSLIE" }, "geometry": { "type": "Point", "coordinates": [ -113.452235, 53.406458 ] } },
{ "type": "Feature", "properties": { "id": 3785.0, "name": "Blatchford Playground", "address": "2703 Blatchford Road NW", "type": "Playground", "surface_type": "Sand", "accessibility": "Wheelchair Accessible", "user_category": "Junior/Senior (18 months to 12 years)", "neighbourhood_id": 1111.0, "neighbourhood_name": "BLATCHFORD AREA" }, "geometry": { "type": "Point", "coordinates": [ -113.516989, 53.568827 ] } },
{ "type": "Feature", "properties": { "id": 3786.0, "name": "Uplands Playground", "address": "204 Street NW and 24 Avenue NW", "type": "Playground", "surface_type": "Engineered Wood Fibre", "accessibility": "Wheelchair Accessible", "user_category": "Junior/Senior (18 months to 12 years)", "neighbourhood_id": 4464.0, "neighbourhood_name": "THE UPLANDS" }, "geometry": { "type": "Point", "coordinates": [ -113.672896, 53.45625 ] } },
{ "type": "Feature", "properties": { "id": 3787.0, "name": "Kinglet Gardens Playground", "address": "118 Avenue NW and 215 Street NW", "type": "Playground", "surface_type": "Engineered Wood Fibre, Pour In Place Rubber", "accessibility": "Wheelchair Accessible", "user_category": "Junior/Senior (18 months to 12 years)", "neighbourhood_id": 4477.0, "neighbourhood_name": "KINGLET GARDENS" }, "geometry": { "type": "Point", "coordinates": [ -113.693263, 53.573294 ] } },
{ "type": "Feature", "properties": { "id": 3795.0, "name": "Boyle Street Plaza Playground", "address": "10350C 95 Street NW", "type": "Playground", "surface_type": "Pour In Place Rubber", "accessibility": "Wheelchair Accessible", "user_category": "Junior/Senior (18 months to 12 years)", "neighbourhood_id": 1020.0, "neighbourhood_name": "BOYLE STREET" }, "geometry": { "type": "Point", "coordinates": [ -113.48211, 53.547999 ] } },
{ "type": "Feature", "properties": { "id": 3796.0, "name": "Griesbach RCAF Park Playground", "address": "4415 McCrae Avenue NW", "type": "Playground", "surface_type": "Engineered Wood Fibre", "accessibility": "Wheelchair Accessible", "user_category": "Junior/Senior (18 months to 12 years)", "neighbourhood_id": 3111.0, "neighbourhood_name": "GRIESBACH" }, "geometry": { "type": "Point", "coordinates": [ -113.513455, 53.611621 ] } },
{ "type": "Feature", "properties": { "id": 3797.0, "name": "Edgemont Natural Playground", "address": "5210 Edgemont Boulevard NW", "type": "Playground", "surface_type": "Engineered Wood Fibre", "accessibility": "Wheelchair Accessible", "user_category": "Junior/Senior (18 months to 12 years)", "neighbourhood_id": 4462.0, "neighbourhood_name": "EDGEMONT" }, "geometry": { "type": "Point", "coordinates": [ -113.679861, 53.468088 ] } },
{ "type": "Feature", "properties": { "id": 381.0, "name": "Lago Lindo", "address": "17221 95 Street NW", "type": "Playground", "surface_type": "Sand", "accessibility": "Unknown", "user_category": "Junior/Senior (18 months to 12 years)", "neighbourhood_id": 2450.0, "neighbourhood_name": "LAGO LINDO" }, "geometry": { "type": "Point", "coordinates": [ -113.487322, 53.634615 ] } },
{ "type": "Feature", "properties": { "id": 3813.0, "name": "Sir Wilfrid Laurier Park Natural Playground (West)", "address": "13221 Buena Vista Road", "type": "Playground", "surface_type": "Engineered Wood Fibre, Sand", "accessibility": "Unknown", "user_category": "Junior/Senior (18 months to 12 years)", "neighbourhood_id": 3382.0, "neighbourhood_name": "RIVER VALLEY LAURIER" }, "geometry": { "type": "Point", "coordinates": [ -113.55323, 53.509427 ] } },
{ "type": "Feature", "properties": { "id": 3816.0, "name": "Huntington Hills Tot Lot", "address": "4603 104A Street NW", "type": "Playground", "surface_type": "Sand", "accessibility": "Unknown", "user_category": "Junior (18 months to 5 years)", "neighbourhood_id": 5170.0, "neighbourhood_name": "EMPIRE PARK" }, "geometry": { "type": "Point", "coordinates": [ -113.498005, 53.484088 ] } },
{ "type": "Feature", "properties": { "id": 3818.0, "name": "Glengarry Park Playground", "address": "134 Avenue NW and 89 Street NW", "type": "Playground", "surface_type": "Engineered Wood Fibre", "accessibility": "Wheelchair Accessible", "user_category": "Senior (6 to 12 years)", "neighbourhood_id": 2290.0, "neighbourhood_name": "GLENGARRY" }, "geometry": { "type": "Point", "coordinates": [ -113.4766, 53.595865 ] } },
{ "type": "Feature", "properties": { "id": 382.0, "name": "York Park (Steele Heights Community)", "address": "5825 140 Avenue NW", "type": "Playground", "surface_type": "Sand", "accessibility": "Unknown", "user_category": "Junior/Senior (18 months to 12 years)", "neighbourhood_id": 2720.0, "neighbourhood_name": "YORK" }, "geometry": { "type": "Point", "coordinates": [ -113.43335, 53.60183 ] } },
{ "type": "Feature", "properties": { "id": 3820.0, "name": "Northeast Park Playground", "address": "903 153 Avenue NE", "type": "Playground", "surface_type": "Engineered Wood Fibre", "accessibility": "Wheelchair Accessible", "user_category": "Senior (6 to 12 years)", "neighbourhood_id": 2690.0, "neighbourhood_name": "RURAL NORTH EAST SOUTH STURGEON" }, "geometry": { "type": "Point", "coordinates": [ -113.328516, 53.609326 ] } },
{ "type": "Feature", "properties": { "id": 3827.0, "name": "Castlewood Lake Playground", "address": "17024 115 Street NW", "type": "Playground", "surface_type": "Engineered Wood Fibre", "accessibility": "Wheelchair Accessible", "user_category": "Junior/Senior (18 months to 12 years)", "neighbourhood_id": 3080.0, "neighbourhood_name": "CANOSSA" }, "geometry": { "type": "Point", "coordinates": [ -113.522779, 53.633355 ] } },
{ "type": "Feature", "properties": { "id": 383.0, "name": "Balwin Park", "address": "12904 74 Street NW", "type": "Playground", "surface_type": "Sand", "accessibility": "Unknown", "user_category": "Senior (6 to 12 years)", "neighbourhood_id": 2020.0, "neighbourhood_name": "BALWIN" }, "geometry": { "type": "Point", "coordinates": [ -113.456072, 53.587336 ] } },
{ "type": "Feature", "properties": { "id": 3830.0, "name": "Maple Playground", "address": "2050 Maple Rd NW (Maple Road Northwest and 8 St NW)", "type": "Playground", "surface_type": "Engineered Wood Fibre", "accessibility": "Wheelchair Accessible", "user_category": "Senior (6 to 12 years)", "neighbourhood_id": 6441.0, "neighbourhood_name": "MAPLE" }, "geometry": { "type": "Point", "coordinates": [ -113.350569, 53.468096 ] } },
{ "type": "Feature", "properties": { "id": 3831.0, "name": "Columbia Avenue Streetscape", "address": "11235 105 Ave NW", "type": "Playground", "surface_type": "Pour In Place Rubber", "accessibility": "Unknown", "user_category": "Unknown", "neighbourhood_id": 1180.0, "neighbourhood_name": "QUEEN MARY PARK" }, "geometry": { "type": "Point", "coordinates": [ -113.514864, 53.548231 ] } },
{ "type": "Feature", "properties": { "id": 3832.0, "name": "Marquis Playground", "address": "Marquis Blvd NE", "type": "Playground", "surface_type": "Engineered Wood Fibre, Pour In Place Rubber", "accessibility": "Unknown", "user_category": "Unknown", "neighbourhood_id": 2671.0, "neighbourhood_name": "MARQUIS" }, "geometry": { "type": "Point", "coordinates": [ -113.338449, 53.637876 ] } },
{ "type": "Feature", "properties": { "id": 3835.0, "name": "Alces Playground", "address": "2355 Alces Dr SW", "type": "Playground", "surface_type": "Engineered Wood Fibre, Pour In Place Rubber", "accessibility": "Wheelchair Accessible", "user_category": "Junior/Senior (18 months to 12 years)", "neighbourhood_id": 6669.0, "neighbourhood_name": "ALCES" }, "geometry": { "type": "Point", "coordinates": [ -113.387108, 53.430615 ] } },
{ "type": "Feature", "properties": { "id": 384.0, "name": "Zoie Gardner Park", "address": "12710 70 Street NW", "type": "Playground", "surface_type": "Sand", "accessibility": "Unknown", "user_category": "Junior/Senior (18 months to 12 years)", "neighbourhood_id": 2020.0, "neighbourhood_name": "BALWIN" }, "geometry": { "type": "Point", "coordinates": [ -113.450393, 53.585551 ] } },
{ "type": "Feature", "properties": { "id": 3840.0, "name": "Michener Playground", "address": "4805 120 St NW", "type": "Playground", "surface_type": "Engineered Wood Fibre", "accessibility": "Wheelchair Accessible", "user_category": "Junior/Senior (18 months to 12 years)", "neighbourhood_id": 5280.0, "neighbourhood_name": "MALMO PLAINS" }, "geometry": { "type": "Point", "coordinates": [ -113.537261, 53.485816 ] } },
{ "type": "Feature", "properties": { "id": 3841.0, "name": "Tipton Playground", "address": "10849 81 Ave NW", "type": "Playground", "surface_type": "Engineered Wood Fibre", "accessibility": "Wheelchair Accessible", "user_category": "Junior/Senior (18 months to 12 years)", "neighbourhood_id": 5330.0, "neighbourhood_name": "QUEEN ALEXANDRA" }, "geometry": { "type": "Point", "coordinates": [ -113.510278, 53.516391 ] } },
{ "type": "Feature", "properties": { "id": 385.0, "name": "Parkdale School", "address": "11648 85 Street NW", "type": "Playground", "surface_type": "Engineered Wood Fiber", "accessibility": "Wheelchair Accessible", "user_category": "Junior/Senior (18 months to 12 years)", "neighbourhood_id": 1160.0, "neighbourhood_name": "PARKDALE" }, "geometry": { "type": "Point", "coordinates": [ -113.472157, 53.567573 ] } },
{ "type": "Feature", "properties": { "id": 386.0, "name": "Parkdale Community", "address": "11335 85 Street NW", "type": "Playground", "surface_type": "Sand", "accessibility": "Unknown", "user_category": "Junior/Senior (18 months to 12 years)", "neighbourhood_id": 1160.0, "neighbourhood_name": "PARKDALE" }, "geometry": { "type": "Point", "coordinates": [ -113.471364, 53.563041 ] } },
{ "type": "Feature", "properties": { "id": 387.0, "name": "Virginia Park School", "address": "7324 109 Avenue NW", "type": "Playground", "surface_type": "Pour In Place Rubber, Sand", "accessibility": "Unknown", "user_category": "Junior/Senior (18 months to 12 years)", "neighbourhood_id": 1240.0, "neighbourhood_name": "VIRGINIA PARK" }, "geometry": { "type": "Point", "coordinates": [ -113.449552, 53.560355 ] } },
{ "type": "Feature", "properties": { "id": 388.0, "name": "Sheriff Robertson Park", "address": "7707 112 Avenue NW", "type": "Playground", "surface_type": "Pour In Place Rubber", "accessibility": "Wheelchair Accessible", "user_category": "Junior (18 months to 5 years)", "neighbourhood_id": 1190.0, "neighbourhood_name": "RIVER VALLEY KINNAIRD" }, "geometry": { "type": "Point", "coordinates": [ -113.46617, 53.559116 ] } },
{ "type": "Feature", "properties": { "id": 390.0, "name": "Borden Park", "address": "7405 - 112 Avenue NW", "type": "Playground", "surface_type": "Engineered Wood Fibre", "accessibility": "Wheelchair Accessible", "user_category": "Unknown", "neighbourhood_id": 1240.0, "neighbourhood_name": "VIRGINIA PARK" }, "geometry": { "type": "Point", "coordinates": [ -113.454021, 53.561871 ] } },
{ "type": "Feature", "properties": { "id": 391.0, "name": "Russ Barnes Arena", "address": "6725 120 Avenue NW", "type": "Playground", "surface_type": "Sand", "accessibility": "Unknown", "user_category": "Junior/Senior (18 months to 12 years)", "neighbourhood_id": 2550.0, "neighbourhood_name": "MONTROSE" }, "geometry": { "type": "Point", "coordinates": [ -113.446322, 53.574181 ] } },
{ "type": "Feature", "properties": { "id": 392.0, "name": "Beverly Jubilee Park", "address": "4203 120 Avenue NW", "type": "Playground", "surface_type": "Sand", "accessibility": "Unknown", "user_category": "Junior/Senior (18 months to 12 years)", "neighbourhood_id": 2040.0, "neighbourhood_name": "BEACON HEIGHTS" }, "geometry": { "type": "Point", "coordinates": [ -113.40709, 53.574228 ] } },
{ "type": "Feature", "properties": { "id": 393.0, "name": "St. Bernadette School", "address": "11917 40 Street NW", "type": "Playground", "surface_type": "Sand", "accessibility": "Unknown", "user_category": "Junior/Senior (18 months to 12 years)", "neighbourhood_id": 2040.0, "neighbourhood_name": "BEACON HEIGHTS" }, "geometry": { "type": "Point", "coordinates": [ -113.402547, 53.572281 ] } },
{ "type": "Feature", "properties": { "id": 394.0, "name": "Sifton School Park", "address": "4305 134 Avenue NW", "type": "Playground", "surface_type": "Sand", "accessibility": "Unknown", "user_category": "Senior (6 to 12 years)", "neighbourhood_id": 2710.0, "neighbourhood_name": "SIFTON PARK" }, "geometry": { "type": "Point", "coordinates": [ -113.409569, 53.594144 ] } },
{ "type": "Feature", "properties": { "id": 395.0, "name": "St. Elizabeth Seton School Park", "address": "3711 135 Avenue NW", "type": "Playground", "surface_type": "Pour In Place Rubber, Sand", "accessibility": "Wheelchair Accessible", "user_category": "Senior (6 to 12 years)", "neighbourhood_id": 2070.0, "neighbourhood_name": "BELMONT" }, "geometry": { "type": "Point", "coordinates": [ -113.397168, 53.594453 ] } },
{ "type": "Feature", "properties": { "id": 398.0, "name": "Floden Park", "address": "4209 Ada Boulevard NW", "type": "Playground", "surface_type": "Pour In Place Rubber, Sand", "accessibility": "Wheelchair Accessible", "user_category": "Senior (6 to 12 years)", "neighbourhood_id": 2100.0, "neighbourhood_name": "BEVERLY HEIGHTS" }, "geometry": { "type": "Point", "coordinates": [ -113.407736, 53.563752 ] } },
{ "type": "Feature", "properties": { "id": 399.0, "name": "Sacred Heart School", "address": "9624 108 Avenue NW", "type": "Playground", "surface_type": "Sand", "accessibility": "Unknown", "user_category": "Senior (6 to 12 years)", "neighbourhood_id": 1140.0, "neighbourhood_name": "MCCAULEY" }, "geometry": { "type": "Point", "coordinates": [ -113.486834, 53.554595 ] } },
{ "type": "Feature", "properties": { "id": 40.0, "name": "Matt Berry", "address": "59A Street - 159 A Avenue", "type": "Playground", "surface_type": "Sand", "accessibility": "Unknown", "user_category": "Junior/Senior (18 months to 12 years)", "neighbourhood_id": 2500.0, "neighbourhood_name": "MATT BERRY" }, "geometry": { "type": "Point", "coordinates": [ -113.431355, 53.621795 ] } },
{ "type": "Feature", "properties": { "id": 400.0, "name": "McCauley School", "address": "9538 107 Avenue NW", "type": "Playground", "surface_type": "Sand", "accessibility": "Unknown", "user_category": "Junior/Senior (18 months to 12 years)", "neighbourhood_id": 1140.0, "neighbourhood_name": "MCCAULEY" }, "geometry": { "type": "Point", "coordinates": [ -113.484155, 53.553063 ] } },
{ "type": "Feature", "properties": { "id": 402.0, "name": "Alex Taylor School", "address": "9321 Jasper Avenue NW", "type": "Playground", "surface_type": "Sand", "accessibility": "Unknown", "user_category": "Junior/Senior (18 months to 12 years)", "neighbourhood_id": 1020.0, "neighbourhood_name": "BOYLE STREET" }, "geometry": { "type": "Point", "coordinates": [ -113.476471, 53.546736 ] } },
{ "type": "Feature", "properties": { "id": 403.0, "name": "Central McDougall", "address": "10630 109 Avenue NW", "type": "Playground", "surface_type": "Sand", "accessibility": "Unknown", "user_category": "Junior (18 months to 5 years)", "neighbourhood_id": 1030.0, "neighbourhood_name": "CENTRAL MCDOUGALL" }, "geometry": { "type": "Point", "coordinates": [ -113.503757, 53.555041 ] } },
{ "type": "Feature", "properties": { "id": 404.0, "name": "Queen Mary Park School", "address": "10935 113 Street NW", "type": "Playground", "surface_type": "Sand", "accessibility": "Unknown", "user_category": "Junior/Senior (18 months to 12 years)", "neighbourhood_id": 1180.0, "neighbourhood_name": "QUEEN MARY PARK" }, "geometry": { "type": "Point", "coordinates": [ -113.514572, 53.555452 ] } },
{ "type": "Feature", "properties": { "id": 41.0, "name": "Delwood School/Park", "address": "7315 Delwood Road NW", "type": "Playground", "surface_type": "Sand", "accessibility": "Unknown", "user_category": "Junior/Senior (18 months to 12 years)", "neighbourhood_id": 2230.0, "neighbourhood_name": "DELWOOD" }, "geometry": { "type": "Point", "coordinates": [ -113.457527, 53.596452 ] } },
{ "type": "Feature", "properties": { "id": 421.0, "name": "Riverdale School", "address": "8901 101 Avenue NW", "type": "Playground", "surface_type": "Pour In Place Rubber, Sand", "accessibility": "Wheelchair Accessible", "user_category": "Junior/Senior (18 months to 12 years)", "neighbourhood_id": 1210.0, "neighbourhood_name": "RIVERDALE" }, "geometry": { "type": "Point", "coordinates": [ -113.467795, 53.54339 ] } },
{ "type": "Feature", "properties": { "id": 43.0, "name": "Evansdale School/Park", "address": "9303 150 Avenue NW", "type": "Playground", "surface_type": "Sand", "accessibility": "Unknown", "user_category": "Junior/Senior (18 months to 12 years)", "neighbourhood_id": 2260.0, "neighbourhood_name": "EVANSDALE" }, "geometry": { "type": "Point", "coordinates": [ -113.482562, 53.61043 ] } },
{ "type": "Feature", "properties": { "id": 44.0, "name": "Elmwood Community League", "address": "12505 75 STREET NW T5B4K8", "type": "Playground", "surface_type": "Sand", "accessibility": "Unknown", "user_category": "Junior/Senior (18 months to 12 years)", "neighbourhood_id": 1130.0, "neighbourhood_name": "ELMWOOD PARK" }, "geometry": { "type": "Point", "coordinates": [ -113.456442, 53.581429 ] } },
{ "type": "Feature", "properties": { "id": 45.0, "name": "Eastwood School", "address": "12023 81 Street NW", "type": "Playground", "surface_type": "Sand", "accessibility": "Unknown", "user_category": "Junior/Senior (18 months to 12 years)", "neighbourhood_id": 1100.0, "neighbourhood_name": "EASTWOOD" }, "geometry": { "type": "Point", "coordinates": [ -113.464971, 53.574918 ] } },
{ "type": "Feature", "properties": { "id": 48.0, "name": "Fraser School/Park", "address": "14904 21 Street NW", "type": "Playground", "surface_type": "Sand", "accessibility": "Unknown", "user_category": "Junior/Senior (18 months to 12 years)", "neighbourhood_id": 2280.0, "neighbourhood_name": "FRASER" }, "geometry": { "type": "Point", "coordinates": [ -113.372816, 53.610714 ] } },
{ "type": "Feature", "properties": { "id": 481.0, "name": "Henderson Park", "address": "3408 Henderson Street NW", "type": "Playground", "surface_type": "Pour In Place Rubber, Sand", "accessibility": "Wheelchair Accessible", "user_category": "Junior/Senior (18 months to 12 years)", "neighbourhood_id": 5230.0, "neighbourhood_name": "HENDERSON ESTATES" }, "geometry": { "type": "Point", "coordinates": [ -113.598091, 53.468768 ] } },
{ "type": "Feature", "properties": { "id": 50.0, "name": "Giovanni Caboto", "address": "9403 109A Avenue NW", "type": "Playground", "surface_type": "Engineered Wood Fibre", "accessibility": "Wheelchair Accessible", "user_category": "Junior (18 months to 5 years)", "neighbourhood_id": 1140.0, "neighbourhood_name": "MCCAULEY" }, "geometry": { "type": "Point", "coordinates": [ -113.484038, 53.556371 ] } },
{ "type": "Feature", "properties": { "id": 51.0, "name": "Glengarry School", "address": "9211 135 Avenue NW", "type": "Playground", "surface_type": "Sand", "accessibility": "Unknown", "user_category": "Junior/Senior (18 months to 12 years)", "neighbourhood_id": 2290.0, "neighbourhood_name": "GLENGARRY" }, "geometry": { "type": "Point", "coordinates": [ -113.484556, 53.595576 ] } },
{ "type": "Feature", "properties": { "id": 52.0, "name": "Homesteader Community League", "address": "575 Hermitage Road NW", "type": "Playground", "surface_type": "Sand", "accessibility": "Unknown", "user_category": "Junior/Senior (18 months to 12 years)", "neighbourhood_id": 2350.0, "neighbourhood_name": "HOMESTEADER" }, "geometry": { "type": "Point", "coordinates": [ -113.408178, 53.586521 ] } },
{ "type": "Feature", "properties": { "id": 54.0, "name": "Homesteader School", "address": "4455 - 128 AVENUE NW T5A3M9", "type": "Playground", "surface_type": "Pour In Place Rubber, Sand", "accessibility": "Wheelchair Accessible", "user_category": "Junior (18 months to 5 years)", "neighbourhood_id": 2350.0, "neighbourhood_name": "HOMESTEADER" }, "geometry": { "type": "Point", "coordinates": [ -113.4124, 53.587059 ] } },
{ "type": "Feature", "properties": { "id": 55.0, "name": "Horse Hill School", "address": "19355 Meridian Street NW", "type": "Playground", "surface_type": "Sand", "accessibility": "Unknown", "user_category": "Senior (6 to 12 years)", "neighbourhood_id": 2671.0, "neighbourhood_name": "MARQUIS" }, "geometry": { "type": "Point", "coordinates": [ -113.342959, 53.657147 ] } },
{ "type": "Feature", "properties": { "id": 56.0, "name": "Highlands", "address": "11333 62 Street NW", "type": "Playground", "surface_type": "Sand", "accessibility": "Unknown", "user_category": "Junior/Senior (18 months to 12 years)", "neighbourhood_id": 2330.0, "neighbourhood_name": "HIGHLANDS" }, "geometry": { "type": "Point", "coordinates": [ -113.43351, 53.566592 ] } },
{ "type": "Feature", "properties": { "id": 583.0, "name": "King Edward School", "address": "8530 101 Street NW", "type": "Playground", "surface_type": "Sand", "accessibility": "Unknown", "user_category": "Senior (6 to 12 years)", "neighbourhood_id": 5480.0, "neighbourhood_name": "STRATHCONA" }, "geometry": { "type": "Point", "coordinates": [ -113.492523, 53.521381 ] } },
{ "type": "Feature", "properties": { "id": 584.0, "name": "Strathcona Community League", "address": "10139 87 Avenue NW", "type": "Playground", "surface_type": "Sand", "accessibility": "Unknown", "user_category": "Junior/Senior (18 months to 12 years)", "neighbourhood_id": 5480.0, "neighbourhood_name": "STRATHCONA" }, "geometry": { "type": "Point", "coordinates": [ -113.492895, 53.522462 ] } },
{ "type": "Feature", "properties": { "id": 585.0, "name": "Queen Elizabeth Park", "address": "10380 Queen Elizabeth Park Road", "type": "Playground", "surface_type": "Sand", "accessibility": "Unknown", "user_category": "Junior/Senior (18 months to 12 years)", "neighbourhood_id": 5390.0, "neighbourhood_name": "RIVER VALLEY WALTERDALE" }, "geometry": { "type": "Point", "coordinates": [ -113.494748, 53.52525 ] } },
{ "type": "Feature", "properties": { "id": 586.0, "name": "Victoria Park", "address": "12030 River Valley Road", "type": "Playground", "surface_type": "Sand", "accessibility": "Unknown", "user_category": "Junior/Senior (18 months to 12 years)", "neighbourhood_id": 1200.0, "neighbourhood_name": "RIVER VALLEY VICTORIA" }, "geometry": { "type": "Point", "coordinates": [ -113.523592, 53.533984 ] } },
{ "type": "Feature", "properties": { "id": 587.0, "name": "Willam Hawrelak Park Playground", "address": "9330 Groat Road", "type": "Playground", "surface_type": "Pour In Place Rubber", "accessibility": "Wheelchair Accessible", "user_category": "Junior/Senior (18 months to 12 years)", "neighbourhood_id": 5370.0, "neighbourhood_name": "RIVER VALLEY MAYFAIR" }, "geometry": { "type": "Point", "coordinates": [ -113.544226, 53.526883 ] } },
{ "type": "Feature", "properties": { "id": 588.0, "name": "Charles Simmonds Park", "address": "7830 115 Street NW", "type": "Playground", "surface_type": "Sand", "accessibility": "Unknown", "user_category": "Junior/Senior (18 months to 12 years)", "neighbourhood_id": 5290.0, "neighbourhood_name": "MCKERNAN" }, "geometry": { "type": "Point", "coordinates": [ -113.530799, 53.515516 ] } },
{ "type": "Feature", "properties": { "id": 589.0, "name": "McKernan Park", "address": "7535 112 Street NW", "type": "Playground", "surface_type": "Sand", "accessibility": "Unknown", "user_category": "Junior/Senior (18 months to 12 years)", "neighbourhood_id": 5290.0, "neighbourhood_name": "MCKERNAN" }, "geometry": { "type": "Point", "coordinates": [ -113.518917, 53.51105 ] } },
{ "type": "Feature", "properties": { "id": 59.0, "name": "St. Olga Park (St. Phillip/Kinsman)", "address": "14803 - 88A STREET NW", "type": "Playground", "surface_type": "Sand", "accessibility": "Unknown", "user_category": "Unknown", "neighbourhood_id": 2260.0, "neighbourhood_name": "EVANSDALE" }, "geometry": { "type": "Point", "coordinates": [ -113.475403, 53.609132 ] } },
{ "type": "Feature", "properties": { "id": 590.0, "name": "Violet Archer Park", "address": "10920 70 Avenue NW", "type": "Playground", "surface_type": "Engineered Wood Fibre", "accessibility": "Wheelchair Accessible", "user_category": "Junior/Senior (18 months to 12 years)", "neighbourhood_id": 5310.0, "neighbourhood_name": "PARKALLEN" }, "geometry": { "type": "Point", "coordinates": [ -113.513451, 53.506854 ] } },
{ "type": "Feature", "properties": { "id": 593.0, "name": "Lansdowne Park", "address": "4915 - 124 STREET NW", "type": "Playground", "surface_type": "Sand", "accessibility": "Unknown", "user_category": "Junior/Senior (18 months to 12 years)", "neighbourhood_id": 5260.0, "neighbourhood_name": "LANSDOWNE" }, "geometry": { "type": "Point", "coordinates": [ -113.545897, 53.48683 ] } },
{ "type": "Feature", "properties": { "id": 599.0, "name": "Falconer Park", "address": "Falconer Road NW", "type": "Playground", "surface_type": "Sand, Artificial Turf", "accessibility": "Wheelchair Accessible", "user_category": "Junior/Senior (18 months to 12 years)", "neighbourhood_id": 5190.0, "neighbourhood_name": "FALCONER HEIGHTS" }, "geometry": { "type": "Point", "coordinates": [ -113.588249, 53.463294 ] } },
{ "type": "Feature", "properties": { "id": 60.0, "name": "J. A. Fife School", "address": "15804 76 Street NW", "type": "Playground", "surface_type": "Sand", "accessibility": "Unknown", "user_category": "Junior/Senior (18 months to 12 years)", "neighbourhood_id": 2410.0, "neighbourhood_name": "KILKENNY" }, "geometry": { "type": "Point", "coordinates": [ -113.461949, 53.6113 ] } },
{ "type": "Feature", "properties": { "id": 602.0, "name": "Sweetgrass School", "address": "11351 31 Avenue NW", "type": "Playground", "surface_type": "Pour In Place Rubber, Sand", "accessibility": "Unknown", "user_category": "Junior/Senior (18 months to 12 years)", "neighbourhood_id": 5490.0, "neighbourhood_name": "SWEET GRASS" }, "geometry": { "type": "Point", "coordinates": [ -113.529192, 53.462912 ] } },
{ "type": "Feature", "properties": { "id": 603.0, "name": "Blue Quill Community", "address": "11304 - 25 AVENUE NW T6J5B1", "type": "Playground", "surface_type": "Sand", "accessibility": "Unknown", "user_category": "Junior/Senior (18 months to 12 years)", "neighbourhood_id": 5060.0, "neighbourhood_name": "BLUE QUILL" }, "geometry": { "type": "Point", "coordinates": [ -113.524675, 53.458113 ] } },
{ "type": "Feature", "properties": { "id": 604.0, "name": "Skyrattler School/Site", "address": "114 Street - Saddleback Road", "type": "Playground", "surface_type": "Sand", "accessibility": "Unknown", "user_category": "Junior/Senior (18 months to 12 years)", "neighbourhood_id": 5460.0, "neighbourhood_name": "SKYRATTLER" }, "geometry": { "type": "Point", "coordinates": [ -113.524355, 53.450609 ] } },
{ "type": "Feature", "properties": { "id": 605.0, "name": "Blackburne", "address": "167 Blackburne Drive West NW", "type": "Playground", "surface_type": "Sand", "accessibility": "Unknown", "user_category": "Junior/Senior (18 months to 12 years)", "neighbourhood_id": 5590.0, "neighbourhood_name": "BLACKBURNE" }, "geometry": { "type": "Point", "coordinates": [ -113.499519, 53.429477 ] } },
{ "type": "Feature", "properties": { "id": 606.0, "name": "Royal Gardens/Ellerslie", "address": "10804 - 8 AVENUE SW", "type": "Playground", "surface_type": "Sand", "accessibility": "Unknown", "user_category": "Junior/Senior (18 months to 12 years)", "neighbourhood_id": 5451.0, "neighbourhood_name": "RICHFORD" }, "geometry": { "type": "Point", "coordinates": [ -113.507058, 53.425773 ] } },
{ "type": "Feature", "properties": { "id": 608.0, "name": "Rideau School", "address": "42 Avenue - 106 Street NW", "type": "Playground", "surface_type": "Sand", "accessibility": "Unknown", "user_category": "Junior/Senior (18 months to 12 years)", "neighbourhood_id": 5360.0, "neighbourhood_name": "RIDEAU PARK" }, "geometry": { "type": "Point", "coordinates": [ -113.504691, 53.478084 ] } },
{ "type": "Feature", "properties": { "id": 609.0, "name": "McKee School", "address": "10725 51 Avenue NW", "type": "Playground", "surface_type": "Sand", "accessibility": "Unknown", "user_category": "Junior/Senior (18 months to 12 years)", "neighbourhood_id": 5170.0, "neighbourhood_name": "EMPIRE PARK" }, "geometry": { "type": "Point", "coordinates": [ -113.509905, 53.487361 ] } },
{ "type": "Feature", "properties": { "id": 610.0, "name": "Dr. Francis Crang Park", "address": "10503 48 Avenue NW", "type": "Playground", "surface_type": "Sand", "accessibility": "Unknown", "user_category": "Junior/Senior (18 months to 12 years)", "neighbourhood_id": 5170.0, "neighbourhood_name": "EMPIRE PARK" }, "geometry": { "type": "Point", "coordinates": [ -113.501665, 53.486811 ] } },
{ "type": "Feature", "properties": { "id": 611.0, "name": "Pleasantview School", "address": "10541 - 60A AVENUE NW T6H1K4", "type": "Playground", "surface_type": "Engineered Wood Fibre", "accessibility": "Wheelchair Accessible", "user_category": "Junior/Senior (18 months to 12 years)", "neighbourhood_id": 5320.0, "neighbourhood_name": "PLEASANTVIEW" }, "geometry": { "type": "Point", "coordinates": [ -113.503496, 53.494982 ] } },
{ "type": "Feature", "properties": { "id": 612.0, "name": "Mount Pleasant Park / Pleasantview", "address": "58 Avenue - 105 Street NW", "type": "Playground", "surface_type": "Sand", "accessibility": "Unknown", "user_category": "Junior/Senior (18 months to 12 years)", "neighbourhood_id": 5320.0, "neighbourhood_name": "PLEASANTVIEW" }, "geometry": { "type": "Point", "coordinates": [ -113.500442, 53.495329 ] } },
{ "type": "Feature", "properties": { "id": 613.0, "name": "Allendale Park", "address": "10535 66 Avenue NW", "type": "Playground", "surface_type": "Sand", "accessibility": "Unknown", "user_category": "Junior/Senior (18 months to 12 years)", "neighbourhood_id": 5010.0, "neighbourhood_name": "ALLENDALE" }, "geometry": { "type": "Point", "coordinates": [ -113.502574, 53.500866 ] } },
{ "type": "Feature", "properties": { "id": 62.0, "name": "Kilkenny Park/CL Barnett School", "address": "7245 149A Avenue NW", "type": "Playground", "surface_type": "Sand", "accessibility": "Unknown", "user_category": "Junior/Senior (18 months to 12 years)", "neighbourhood_id": 2410.0, "neighbourhood_name": "KILKENNY" }, "geometry": { "type": "Point", "coordinates": [ -113.451214, 53.610506 ] } },
{ "type": "Feature", "properties": { "id": 63.0, "name": "Hairsine Community League", "address": "3120 139 Avenue NW", "type": "Playground", "surface_type": "Sand", "accessibility": "Unknown", "user_category": "Junior/Senior (18 months to 12 years)", "neighbourhood_id": 2320.0, "neighbourhood_name": "HAIRSINE" }, "geometry": { "type": "Point", "coordinates": [ -113.39042, 53.603615 ] } },
{ "type": "Feature", "properties": { "id": 64.0, "name": "Kildare Park", "address": "14224 74 Street NW", "type": "Playground", "surface_type": "Sand", "accessibility": "Unknown", "user_category": "Junior/Senior (18 months to 12 years)", "neighbourhood_id": 2400.0, "neighbourhood_name": "KILDARE" }, "geometry": { "type": "Point", "coordinates": [ -113.456035, 53.605584 ] } },
{ "type": "Feature", "properties": { "id": 65.0, "name": "Kirkness School/Park", "address": "610 Kirkness Road NW", "type": "Playground", "surface_type": "Sand", "accessibility": "Unknown", "user_category": "Junior/Senior (18 months to 12 years)", "neighbourhood_id": 2430.0, "neighbourhood_name": "KIRKNESS" }, "geometry": { "type": "Point", "coordinates": [ -113.385025, 53.61188 ] } },
{ "type": "Feature", "properties": { "id": 66.0, "name": "Abbott School", "address": "12025 Abbottsfield Road NW", "type": "Playground", "surface_type": "Sand", "accessibility": "Unknown", "user_category": "Junior/Senior (18 months to 12 years)", "neighbourhood_id": 2010.0, "neighbourhood_name": "ABBOTTSFIELD" }, "geometry": { "type": "Point", "coordinates": [ -113.392233, 53.574798 ] } },
{ "type": "Feature", "properties": { "id": 67.0, "name": "Abbottsfield Park", "address": "12000 Abbottsfield Road NW", "type": "Playground", "surface_type": "Sand", "accessibility": "Unknown", "user_category": "Junior/Senior (18 months to 12 years)", "neighbourhood_id": 2010.0, "neighbourhood_name": "ABBOTTSFIELD" }, "geometry": { "type": "Point", "coordinates": [ -113.390049, 53.573682 ] } },
{ "type": "Feature", "properties": { "id": 68.0, "name": "Meadowlark Community Playground", "address": "15961 92 Avenue NW", "type": "Playground", "surface_type": "Engineered Wood Fibre, Pour In Place Rubber", "accessibility": "Wheelchair Accessible", "user_category": "Junior/Senior (18 months to 12 years)", "neighbourhood_id": 4310.0, "neighbourhood_name": "MEADOWLARK PARK" }, "geometry": { "type": "Point", "coordinates": [ -113.596775, 53.525533 ] } },
{ "type": "Feature", "properties": { "id": 69.0, "name": "Canora Community Playground", "address": "15120 104 Avenue NW", "type": "Playground", "surface_type": "Pour In Place Rubber, Sand", "accessibility": "Wheelchair Accessible", "user_category": "Junior/Senior (18 months to 12 years)", "neighbourhood_id": 4090.0, "neighbourhood_name": "CANORA" }, "geometry": { "type": "Point", "coordinates": [ -113.582196, 53.547348 ] } },
{ "type": "Feature", "properties": { "id": 70.0, "name": "Westridge Wolf Willow Community Playground", "address": "505 Wolf Willow Drive NW", "type": "Playground", "surface_type": "Sand", "accessibility": "Unknown", "user_category": "Junior/Senior (18 months to 12 years)", "neighbourhood_id": 4610.0, "neighbourhood_name": "WESTRIDGE" }, "geometry": { "type": "Point", "coordinates": [ -113.605412, 53.506329 ] } },
{ "type": "Feature", "properties": { "id": 71.0, "name": "Patricia Heights Playground", "address": "16216 78 Avenue NW", "type": "Playground", "surface_type": "Pour In Place Rubber, Sand", "accessibility": "Wheelchair Accessible", "user_category": "Junior/Senior (18 months to 12 years)", "neighbourhood_id": 4390.0, "neighbourhood_name": "PATRICIA HEIGHTS" }, "geometry": { "type": "Point", "coordinates": [ -113.603933, 53.510922 ] } },
{ "type": "Feature", "properties": { "id": 72.0, "name": "Wolf Willow Park Playground", "address": "Wanyandi Rd NW & Wolf Ridge Way NW", "type": "Playground", "surface_type": "Engineered Wood Fibre, Pour In Place Rubber", "accessibility": "Wheelchair Accessible", "user_category": "Junior/Senior (18 months to 12 years)", "neighbourhood_id": 4360.0, "neighbourhood_name": "OLESKIW" }, "geometry": { "type": "Point", "coordinates": [ -113.604667, 53.499126 ] } },
{ "type": "Feature", "properties": { "id": 729.0, "name": "Mary Finlay Park", "address": "10304 82 Street NW", "type": "Playground", "surface_type": "Pour In Place Rubber", "accessibility": "Wheelchair Accessible", "user_category": "Senior (6 to 12 years)", "neighbourhood_id": 6230.0, "neighbourhood_name": "FOREST HEIGHTS" }, "geometry": { "type": "Point", "coordinates": [ -113.45144, 53.543516 ] } },
{ "type": "Feature", "properties": { "id": 745.0, "name": "Silver Heights Park", "address": "8777 96 Avenue NW", "type": "Playground", "surface_type": "Pour In Place Rubber, Sand", "accessibility": "Wheelchair Accessible", "user_category": "Junior (18 months to 5 years)", "neighbourhood_id": 6710.0, "neighbourhood_name": "STRATHEARN" }, "geometry": { "type": "Point", "coordinates": [ -113.464638, 53.532699 ] } },
{ "type": "Feature", "properties": { "id": 75.0, "name": "Aleda Patterson School Playground", "address": "16604 91 Avenue NW", "type": "Playground", "surface_type": "Pour In Place Rubber, Sand", "accessibility": "Wheelchair Accessible", "user_category": "Junior/Senior (18 months to 12 years)", "neighbourhood_id": 4590.0, "neighbourhood_name": "WEST MEADOWLARK PARK" }, "geometry": { "type": "Point", "coordinates": [ -113.608711, 53.526923 ] } },
{ "type": "Feature", "properties": { "id": 76.0, "name": "Lymburn Community Playground", "address": "18710 72 Avenue NW", "type": "Playground", "surface_type": "Engineered Wood Fibre, Pour In Place Rubber", "accessibility": "Wheelchair Accessible", "user_category": "Junior/Senior (18 months to 12 years)", "neighbourhood_id": 4270.0, "neighbourhood_name": "LYMBURN" }, "geometry": { "type": "Point", "coordinates": [ -113.647779, 53.506216 ] } },
{ "type": "Feature", "properties": { "id": 77.0, "name": "Willowby Community Playground", "address": "6315 184 Street NW", "type": "Playground", "surface_type": "Sand", "accessibility": "Unknown", "user_category": "Junior/Senior (18 months to 12 years)", "neighbourhood_id": 4380.0, "neighbourhood_name": "ORMSBY PLACE" }, "geometry": { "type": "Point", "coordinates": [ -113.637123, 53.497388 ] } },
{ "type": "Feature", "properties": { "id": 774.0, "name": "Wîhkwêntôwin Arena/Community League", "address": "10326 118 Street NW", "type": "Playground", "surface_type": "Sand", "accessibility": "Unknown", "user_category": "Junior/Senior (18 months to 12 years)", "neighbourhood_id": 1151.0, "neighbourhood_name": "WÎHKWÊNTÔWIN" }, "geometry": { "type": "Point", "coordinates": [ -113.525672, 53.545522 ] } },
{ "type": "Feature", "properties": { "id": 776.0, "name": "Kitchener Park", "address": "11411 103 Avenue NW", "type": "Playground", "surface_type": "Pour In Place Rubber", "accessibility": "Wheelchair Accessible", "user_category": "Junior/Senior (18 months to 12 years)", "neighbourhood_id": 1151.0, "neighbourhood_name": "WÎHKWÊNTÔWIN" }, "geometry": { "type": "Point", "coordinates": [ -113.518771, 53.544239 ] } },
{ "type": "Feature", "properties": { "id": 777.0, "name": "Queen Mary Park", "address": "10844 117 STREET NW T5H3N5", "type": "Playground", "surface_type": "Engineered Wood Fibre, Pour In Place Rubber, Sand", "accessibility": "Wheelchair Accessible", "user_category": "Junior/Senior (18 months to 12 years)", "neighbourhood_id": 1180.0, "neighbourhood_name": "QUEEN MARY PARK" }, "geometry": { "type": "Point", "coordinates": [ -113.524549, 53.554158 ] } },
{ "type": "Feature", "properties": { "id": 780.0, "name": "Canon Ridge", "address": "Hermitage and Hooke Road", "type": "Playground", "surface_type": "Pour In Place Rubber, Sand", "accessibility": "Wheelchair Accessible", "user_category": "Unknown", "neighbourhood_id": 2120.0, "neighbourhood_name": "CANON RIDGE" }, "geometry": { "type": "Point", "coordinates": [ -113.37843, 53.580574 ] } },
{ "type": "Feature", "properties": { "id": 785.0, "name": "Granite Park", "address": "8624 107 Street NW", "type": "Playground", "surface_type": "Sand", "accessibility": "Unknown", "user_category": "Junior/Senior (18 months to 12 years)", "neighbourhood_id": 5200.0, "neighbourhood_name": "GARNEAU" }, "geometry": { "type": "Point", "coordinates": [ -113.507708, 53.522556 ] } },
{ "type": "Feature", "properties": { "id": 79.0, "name": "Our Lady of the Prairies School Playground", "address": "17605 - 64 AVENUE NW", "type": "Playground", "surface_type": "Sand", "accessibility": "Unknown", "user_category": "Junior/Senior (18 months to 12 years)", "neighbourhood_id": 4080.0, "neighbourhood_name": "CALLINGWOOD SOUTH" }, "geometry": { "type": "Point", "coordinates": [ -113.623982, 53.499378 ] } },
{ "type": "Feature", "properties": { "id": 80.0, "name": "Thorncliff Playground", "address": "8215 175 Street NW", "type": "Playground", "surface_type": "Sand", "accessibility": "Unknown", "user_category": "Junior/Senior (18 months to 12 years)", "neighbourhood_id": 4560.0, "neighbourhood_name": "THORNCLIFF" }, "geometry": { "type": "Point", "coordinates": [ -113.620786, 53.516086 ] } },
{ "type": "Feature", "properties": { "id": 807.0, "name": "Alberta Avenue", "address": "9210 119 Avenue NW", "type": "Playground", "surface_type": "Pour In Place Rubber", "accessibility": "Wheelchair Accessible", "user_category": "Junior/Senior (18 months to 12 years)", "neighbourhood_id": 1010.0, "neighbourhood_name": "ALBERTA AVENUE" }, "geometry": { "type": "Point", "coordinates": [ -113.483882, 53.571181 ] } },
{ "type": "Feature", "properties": { "id": 83.0, "name": "Lynnwood Community Playground", "address": "15525 84 Avenue NW", "type": "Playground", "surface_type": "Sand", "accessibility": "Unknown", "user_category": "Junior/Senior (18 months to 12 years)", "neighbourhood_id": 4280.0, "neighbourhood_name": "LYNNWOOD" }, "geometry": { "type": "Point", "coordinates": [ -113.589466, 53.516295 ] } },
{ "type": "Feature", "properties": { "id": 84.0, "name": "Arthur Elliott Park Playground", "address": "96 Avenue - 153 Street NW", "type": "Playground", "surface_type": "Pour In Place Rubber, Sand", "accessibility": "Wheelchair Accessible", "user_category": "Junior/Senior (18 months to 12 years)", "neighbourhood_id": 4580.0, "neighbourhood_name": "WEST JASPER PLACE" }, "geometry": { "type": "Point", "coordinates": [ -113.584425, 53.533339 ] } },
{ "type": "Feature", "properties": { "id": 85.0, "name": "High Park School Playground", "address": "11031 154 Street NW", "type": "Playground", "surface_type": "Sand", "accessibility": "Unknown", "user_category": "Junior/Senior (18 months to 12 years)", "neighbourhood_id": 4200.0, "neighbourhood_name": "HIGH PARK" }, "geometry": { "type": "Point", "coordinates": [ -113.586599, 53.556263 ] } },
{ "type": "Feature", "properties": { "id": 851.0, "name": "Larkspur Dry Pond", "address": "2302U - 39 AVENUE NW", "type": "Playground", "surface_type": "Sand", "accessibility": "Unknown", "user_category": "Junior (18 months to 5 years)", "neighbourhood_id": 6390.0, "neighbourhood_name": "LARKSPUR" }, "geometry": { "type": "Point", "coordinates": [ -113.378049, 53.478502 ] } },
{ "type": "Feature", "properties": { "id": 87.0, "name": "Castle Downs Park Playground", "address": "11520 153 Avenue NW", "type": "Playground", "surface_type": "Pour In Place Rubber, Sand", "accessibility": "Wheelchair Accessible", "user_category": "Junior/Senior (18 months to 12 years)", "neighbourhood_id": 3180.0, "neighbourhood_name": "DUNLUCE" }, "geometry": { "type": "Point", "coordinates": [ -113.525432, 53.61659 ] } },
{ "type": "Feature", "properties": { "id": 88.0, "name": "Woodcroft Community Playground", "address": "13915 115 Avenue NW", "type": "Playground", "surface_type": "Engineered Wood Fibre, Pour In Place Rubber", "accessibility": "Wheelchair Accessible", "user_category": "Junior/Senior (18 months to 12 years)", "neighbourhood_id": 3450.0, "neighbourhood_name": "WOODCROFT" }, "geometry": { "type": "Point", "coordinates": [ -113.561942, 53.564858 ] } },
{ "type": "Feature", "properties": { "id": 89.0, "name": "Dunluce Community Playground", "address": "11620 162 Avenue NW", "type": "Playground", "surface_type": "Sand", "accessibility": "Unknown", "user_category": "Junior/Senior (18 months to 12 years)", "neighbourhood_id": 3180.0, "neighbourhood_name": "DUNLUCE" }, "geometry": { "type": "Point", "coordinates": [ -113.525091, 53.62373 ] } },
{ "type": "Feature", "properties": { "id": 90.0, "name": "Wellington Park Community Playground", "address": "13535 134 Street NW", "type": "Playground", "surface_type": "Pour In Place Rubber, Sand", "accessibility": "Wheelchair Accessible", "user_category": "Junior/Senior (18 months to 12 years)", "neighbourhood_id": 3430.0, "neighbourhood_name": "WELLINGTON" }, "geometry": { "type": "Point", "coordinates": [ -113.550576, 53.596642 ] } },
{ "type": "Feature", "properties": { "id": 91.0, "name": "Lauderdale Community Playground", "address": "12935 107 Street NW", "type": "Playground", "surface_type": "Sand", "accessibility": "Unknown", "user_category": "Junior/Senior (18 months to 12 years)", "neighbourhood_id": 3260.0, "neighbourhood_name": "LAUDERDALE" }, "geometry": { "type": "Point", "coordinates": [ -113.503303, 53.588703 ] } },
{ "type": "Feature", "properties": { "id": 92.0, "name": "Rio Terrace Community Playground", "address": "15504 76 Avenue NW", "type": "Playground", "surface_type": "Pour In Place Rubber, Sand", "accessibility": "Wheelchair Accessible", "user_category": "Junior/Senior (18 months to 12 years)", "neighbourhood_id": 4430.0, "neighbourhood_name": "RIO TERRACE" }, "geometry": { "type": "Point", "coordinates": [ -113.589392, 53.508365 ] } },
{ "type": "Feature", "properties": { "id": 93.0, "name": "Baturyn Community Playground", "address": "10505 172 Avenue NW", "type": "Playground", "surface_type": "Sand", "accessibility": "Unknown", "user_category": "Junior/Senior (18 months to 12 years)", "neighbourhood_id": 3030.0, "neighbourhood_name": "BATURYN" }, "geometry": { "type": "Point", "coordinates": [ -113.504632, 53.632637 ] } },
{ "type": "Feature", "properties": { "id": 94.0, "name": "Westmount Community Playground", "address": "10970 127 Street NW", "type": "Playground", "surface_type": "Sand", "accessibility": "Unknown", "user_category": "Junior/Senior (18 months to 12 years)", "neighbourhood_id": 3440.0, "neighbourhood_name": "WESTMOUNT" }, "geometry": { "type": "Point", "coordinates": [ -113.541712, 53.555997 ] } },
{ "type": "Feature", "properties": { "id": 95.0, "name": "Grovenor Community Playground", "address": "14325 104 Avenue NW", "type": "Playground", "surface_type": "Pour In Place Rubber, Sand", "accessibility": "Wheelchair Accessible", "user_category": "Junior/Senior (18 months to 12 years)", "neighbourhood_id": 3210.0, "neighbourhood_name": "GROVENOR" }, "geometry": { "type": "Point", "coordinates": [ -113.568469, 53.54595 ] } },
{ "type": "Feature", "properties": { "id": 97.0, "name": "Lessard Community Playground", "address": "17404 - 57 AVENUE NW T6M1K4", "type": "Playground", "surface_type": "Sand", "accessibility": "Unknown", "user_category": "Junior/Senior (18 months to 12 years)", "neighbourhood_id": 4160.0, "neighbourhood_name": "GARIEPY" }, "geometry": { "type": "Point", "coordinates": [ -113.623024, 53.49341 ] } },
{ "type": "Feature", "properties": { "id": 98.0, "name": "Sherbrooke Community Playground", "address": "13008 122 Avenue NW", "type": "Playground", "surface_type": "Pour In Place Rubber", "accessibility": "Wheelchair Accessible", "user_category": "Junior/Senior (18 months to 12 years)", "neighbourhood_id": 3410.0, "neighbourhood_name": "SHERBROOKE" }, "geometry": { "type": "Point", "coordinates": [ -113.548239, 53.574855 ] } },
{ "type": "Feature", "properties": { "id": 980.0, "name": "Belmont", "address": "3250 132 A Avenue NW", "type": "Playground", "surface_type": "Sand", "accessibility": "Unknown", "user_category": "Junior/Senior (18 months to 12 years)", "neighbourhood_id": 2070.0, "neighbourhood_name": "BELMONT" }, "geometry": { "type": "Point", "coordinates": [ -113.393858, 53.593328 ] } },
{ "type": "Feature", "properties": { "id": 982.0, "name": "King Edward Academy", "address": "8525 101 Street NW", "type": "Playground", "surface_type": "Sand", "accessibility": "Unknown", "user_category": "Junior/Senior (18 months to 12 years)", "neighbourhood_id": 5480.0, "neighbourhood_name": "STRATHCONA" }, "geometry": { "type": "Point", "coordinates": [ -113.48967, 53.521422 ] } },
{ "type": "Feature", "properties": { "id": 983.0, "name": "Ellerslie Crossing", "address": "Edwards Drive - 5 Avenue SW", "type": "Playground", "surface_type": "Pour In Place Rubber, Sand", "accessibility": "Wheelchair Accessible", "user_category": "Junior/Senior (18 months to 12 years)", "neighbourhood_id": 6211.0, "neighbourhood_name": "ELLERSLIE" }, "geometry": { "type": "Point", "coordinates": [ -113.458652, 53.429027 ] } },
{ "type": "Feature", "properties": { "id": 987.0, "name": "Griesbach Kinross Playground", "address": "2603 - SIR ARTHUR CURRIE WAY NW", "type": "Playground", "surface_type": "Sand", "accessibility": "Unknown", "user_category": "Junior/Senior (18 months to 12 years)", "neighbourhood_id": 3111.0, "neighbourhood_name": "GRIESBACH" }, "geometry": { "type": "Point", "coordinates": [ -113.497815, 53.606008 ] } },
{ "type": "Feature", "properties": { "id": 99.0, "name": "Inglewood Community Playground", "address": "12525 116 Avenue NW", "type": "Playground", "surface_type": "Pour In Place Rubber", "accessibility": "Wheelchair Accessible", "user_category": "Junior/Senior (18 months to 12 years)", "neighbourhood_id": 3240.0, "neighbourhood_name": "INGLEWOOD" }, "geometry": { "type": "Point", "coordinates": [ -113.539356, 53.566304 ] } },
{ "type": "Feature", "properties": { "id": 995.0, "name": "John J. Olinyk Park", "address": "4626 115 Avenue NW", "type": "Playground", "surface_type": "Pour In Place Rubber", "accessibility": "Wheelchair Accessible", "user_category": "Junior (18 months to 5 years)", "neighbourhood_id": 2100.0, "neighbourhood_name": "BEVERLY HEIGHTS" }, "geometry": { "type": "Point", "coordinates": [ -113.412965, 53.568497 ] } }
]
}
